ZONING,ZANZIBAR,ZINC,ZILLIONS,ZOOS,ZEBRA,ZIONIST,ZION,ZEROES,ZIEGLER,ZOROASTER,ZIGGY,ZIONISTS,ZOROASTRIAN,ZOROASTRIAN,ZEALOUSLY,ZEST,ZOOLOGICAL,ZIGZAG,ZEAL,ZOO,ZEUS,ZOROASTRIAN,ZEBRA,ZOOMS,ZULU,ZEBRAS,ZEROING,ZIEGFELDS,ZELLERBACH,ZOROASTER,ZEROTH,ZURICH,ZOOMS,ZAGREB,ZODIAC,ZIONISM,ZONE,ZIEGLER,ZEALAND,ZOO,ZIGGY,ZOMBA,ZOOMS,ZEN,ZEALOUSLY,ZEALOUS,ZOOMS,ZAIRE,ZODIAC,ZEROES,ZOOLOGICAL,ZAMBIA,ZENNIST
ZEROS,ZILLIONS,ZURICH,ZEBRAS,ZULU,ZOOLOGICALLY,ZODIAC,ZULU,ZOO,ZOOS,ZOOM,ZERO,ZEALOUSLY,ZOOLOGICALLY,ZEAL,ZIONS,ZONE,ZENNIST,ZONED,ZIONIST,ZEALOUSNESS,ZEN,ZORN,ZAIRE,ZEROING,ZONALLY,ZOMBA,ZANZIBAR,ZEST,ZEROED,ZENITH,ZANZIBAR,ZEAL,ZEROTH,ZANZIBAR,ZEALOUSLY,ZAN,ZIMMERMAN,ZIEGFELD,ZANZIBAR,ZOE,ZONES,ZION,ZIEGFELDS,ZOOM,ZOMBA,ZONE,ZEALOUS,ZOOMS,ZULUS,ZONING,ZEAL,ZIEGFELD,ZAIRE
ZAN,ZEROTH,ZIEGFELDS,ZILLIONS,ZOE,ZIGGY,ZEROTH,ZEISS,ZIMMERMAN,ZIMMERMAN,ZOOM,ZEROTH,ZEROED,ZEBRA,ZONED,ZEISS,ZONAL,ZEROES,ZIEGFELD,ZERO,ZIGZAG,ZONALLY,ZANZIBAR,ZOROASTRIAN,ZOOLOGICALLY,ZERO,ZONE,ZEUS,ZOOS,ZOMBA,ZENNIST,ZELLERBACH,ZELLERBACH,ZILLIONS,ZORN,ZEST,ZEALOUSNESS,ZIGGY,ZEROES,ZIEGFELDS,ZOOM,ZEROTH,ZEALAND,ZULU,ZOROASTER,ZIEGFELDS,ZOOLOGICAL,ZIGZAG,ZIONS,ZURICH,ZOOLOGICAL,ZIONIST,ZIONS,ZEN
ZONE,ZAN,ZIGZAG,ZEROES,ZOE,ZOOLOGICALLY,ZIEGFELDS,ZEALOUSLY,ZEROES,ZEUS,ZIONIST,ZEROTH,ZURICH,ZOOM,ZEBRA,ZEROING,ZILLIONS,ZEROING,ZIEGFELD,ZOOS,ZOROASTRIAN,ZOROASTER,ZIGGY,ZEROTH,ZONALLY,ZIGGY,ZONE,ZONE,ZEUS,ZONES,ZEROED,ZELLERBACH,ZEROING,ZONALLY,ZACHARY,ZEN,ZELLERBACH,ZEROED,ZOOM,ZAGREB,ZOOLOGICAL,ZONAL,ZILLIONS,ZEISS,ZEROTH,ZEAL,ZAIRE,ZEFFIRELLI,ZEISS,ZEISS,ZIGZAG,ZOOM,ZEBRAS,ZEROS
ZEALAND,ZONES,ZIEGFELD,ZEALOUSNESS,ZEISS,ZEROTH,ZONAL,ZODIAC,ZULUS,ZEALAND,ZIONIST,ZOE,ZEBRA,ZODIAC,ZEUS,ZEROED,ZEROING,ZOOMS,ZACHARY,ZORN,ZOMBA,ZAIRE,ZIONISTS,ZAGREB,ZULU,ZIEGLER,ZOMBA,ZACHARY,ZIONS,ZULU,ZIONIST,ZACHARY,ZOROASTRIAN,ZENITH,ZOOM,ZOROASTER,ZEALOUS,ZAGREB,ZACHARY,ZORN,ZIGGY,ZAN,ZEALOUSLY,ZOROASTRIAN,ZAGREB,ZIGGY,ZOOS,ZONED,ZULU,ZONAL,ZIEGFELD,ZONING,ZEALAND,ZOOLOGICALLY
ZAN,ZULU,ZANZIBAR,ZIONISTS,ZEALOUSNESS,ZIGZAG,ZONED,ZION,ZULU,ZEUS,ZEALOUSLY,ZOOLOGICAL,ZEROTH,ZOROASTER,ZIONS,ZEFFIRELLI,ZEUS,ZIONISTS,ZIONISTS,ZEISS,ZAMBIA,ZOOS,ZONING,ZAIRE,ZEROING,ZION,ZAN,ZULUS,ZIONS,ZAIRE,ZOOLOGICAL,ZIEGFELDS,ZELLERBACH,ZOROASTER,ZOOM,ZEST,ZOOLOGICAL,ZONALLY,ZOO,ZONE,ZOOS,ZOMBA,ZOOMS,ZEALOUS,ZEALOUS,ZAMBIA,ZONES,ZORN,ZEALAND,ZEST,ZEROING,ZEROING,ZEROING,ZIONIST
ZEROS,ZEALAND,ZEALOUSNESS,ZEISS,ZEALOUSNESS,ZOOLOGICALLY,ZOROASTRIAN,ZIONISTS,ZION,ZEISS,ZEROS,ZORN,ZOOM,ZIGGY,ZENITH,ZEALOUSLY,ZULUS,ZOOLOGICAL,ZONAL,ZOOLOGICAL,ZIGGY,ZILLIONS,ZEST,ZOROASTER,ZAMBIA,ZERO,ZURICH,ZEISS,ZULUS,ZIONIST,ZEISS,ZEALOUSNESS,ZOOLOGICAL,ZIEGFELD,ZELLERBACH,ZEUS,ZEST,ZACHARY,ZONED,ZACHARY,ZORN,ZOO,ZAMBIA,ZEROED,ZIGZAG,ZANZIBAR,ZAN,ZEISS,ZOOLOGICAL,ZOOLOGICAL,ZAN,ZIONISTS,ZEUS,ZONES
ZENNIST,ZEALOUSNESS,ZEST,ZONED,ZIONISM,ZAGREB,ZAMBIA,ZACHARY,ZERO,ZOMBA,ZOOM,ZIEGLER,ZOOM,ZOOLOGICAL,ZONAL,ZENITH,ZEALAND,ZENNIST,ZULUS,ZILLIONS,ZEROS,ZONED,ZEALOUS,ZANZIBAR,ZONALLY,ZINC,ZEUS,ZENNIST,ZOOM,ZONAL,ZOOS,ZINC,ZOE,ZOROASTER,ZOROASTRIAN,ZACHARY,ZEROTH,ZURICH,ZOOLOGICALLY,ZOO,ZAN,ZOOM,ZIONS,ZOOMS,ZONING,ZIEGLER,ZAMBIA,ZEALOUSNESS,ZOOM,ZURICH,ZACHARY,ZOOLOGICALLY,ZERO,ZULU
ZINC,ZELLERBACH,ZOMBA,ZULU,ZONAL,ZONAL,ZIGGY,ZELLERBACH,ZIGZAG,ZODIAC,ZORN,ZAIRE,ZEST,ZOROASTER,ZORN,ZORN,ZEROING,ZONAL,ZEBRAS,ZION,ZOROASTRIAN,ZEALOUS,ZILLIONS,ZEROED,ZONAL,ZIGGY,ZOE,ZEROED,ZACHARY,ZAMBIA,ZILLIONS,ZOMBA,ZEBRAS,ZAMBIA,ZEFFIRELLI,ZAMBIA,ZIEGLER,ZEBRAS,ZIONISM,ZEROED,ZEROTH,ZEALOUSNESS,ZIONIST,ZOO,ZEALAND,ZIGGY,ZELLERBACH,ZOOMS,ZOROASTRIAN,ZOMBA,ZOOMS,ZEISS,ZONAL,ZEALOUSNESS
ZOROASTER,ZANZIBAR,ZURICH,ZOROASTER,ZEALOUSLY,ZIEGLER,ZOOMS,ZEBRAS,ZULUS,ZEUS,ZEBRA,ZIONISM,ZONE,ZEROING,ZONE,ZEROES,ZEROES,ZONALLY,ZEUS,ZOROASTER,ZEST,ZEBRA,ZEROS,ZEBRA,ZOOLOGICALLY,ZENNIST,ZURICH,ZONING,ZEROTH,ZODIAC,ZILLIONS,ZEUS,ZOE,ZONAL,ZEALAND,ZEROES,ZEALOUS,ZANZIBAR,ZOOS,ZOROASTRIAN,ZEFFIRELLI,ZONALLY,ZAN,ZIMMERMAN,ZOROASTER,ZOMBA,ZIONS,ZAMBIA,ZIEGFELD,ZAMBIA,ZIEGFELDS,ZINC,ZONAL,ZOROASTRIAN
