DEPUTIES,DELVING,DIAGNOSIS,DETERMINISM,DISSENT,DEBAUCH,DRIFTERS,DUMBNESS,DEATHLY,DEBORAH,DEEDS,DEVASTATION,DISMEMBERMENT,DONKEYS,DIABETIC,DEMULTIPLEXED,DISPLAYING,DANZIG,DOCUMENTERS,DEPENDENCE,DECRYPT,DARKEST,DREARY,DISCLOSES,DAYDREAM,DIFFUSIONS,DIAMONDS,DICTION,DRAPES
DIRTY,DAZZLE,DEMONSTRATIONS,DISBANDS,DURRELL,DRESSMAKERS,DELIGHTS,DISKETTE,DRAPES,DECLINERS,DAUNTLESS,DRINK,DRAWNNESS,DISPLAY,DECAL,DURKIN,DISPARITIES,DISENGAGED,DREAMING,DUSTIN,DISLOCATION,DREADS,DIALS,DISSOLUTIONS,DIMENSIONAL,DISAPPEARED,DICTIONARY,DIVIDE,DAKOTA
DOMESTICALLY,DESEGREGATE,DOCTRINAL,DESYNCHRONIZE,DESPOTIC,DEAF,DISRUPT,DESOLATELY,DEDUCE,DETERMINABLE,DRILLED,DOWEL,DISHONOR,DESPISING,DISSOCIATING,DEKALB,DRAMATISTS,DURABILITIES,DEMOUNTABLE,DESTRUCTION,DILATING,DELIBERATOR,DOGHOUSE,DELEGATE,DETERMINATE,DEPENDABLE,DISAPPEARING,DISFIGURING,DESK
DEFAULTS,DOUBLED,DUNG,DISPLEASED,DWELT,DOWNFALL,DEVIATING,DELIGHTFULLY,DIAGNOSTIC,DISCONTINUED,DANA,DESTROYS,DARLENE,DROWNINGS,DESTUFF,DILOGARITHM,DEFLECT,DIAL,DIFFERERS,DRAGOONS,DUMBNESS,DECOMPOSITIONS,DIVERSE,DISCUSSIONS,DENTED,DOMINEER,DOMESTICATING,DYSTROPHY,DARWINIZES
DRAGONS,DISHES,DATAGRAMS,DOLLIES,DES,DEPENDENTS,DISENGAGES,DEVICE,DISOBEY,DOGGING,DREAMY,DELIMIT,DECRYPT,DELIVERING,DEBASE,DAME,DISABLERS,DAMPING,DRENCHING,DIALED,DAINTINESS,DEAREST,DIVESTED,DIVIDE,DOTE,DRAWN,DEMANDED,DONECK,DIVANS
DEFIANCE,DELIBERATORS,DUMPS,DISRUPT,DISPLEASE,DISTORTION,DIARY,DOCUMENTERS,DISMOUNTED,DRUDGERY,DROUGHT,DELETIONS,DRAMATIC,DESIGNATORS,DISENTANGLE,DIVERSIFYING,DYNAMICS,DEEPENS,DESPERATION,DEVASTATE,DEMORGAN,DEBASE,DECEITFUL,DISTORTED,DOOR,DEDUCTED,DEGRADATIONS,DISHONORABLE,DISCORDANT
DYNAMO,DISTRIBUTORS,DEPORT,DIAGNOSIS,DEBRIEF,DECLARED,DOWNPLAYED,DELEGATE,DESERTING,DEPRECIATES,DEMORALIZE,DELPHINUS,DUDLEY,DIALOGUES,DIAGRAMMING,DIVISOR,DEPLETION,DESPERATE,DISQUALIFYING,DECREMENTS,DEC,DRUNKENNESS,DISGRUNTLE,DEVOTE,DIVE,DISFIGURES,DRILLING,DIAPERS,DAINTY
DEDUCTIBLE,DEBT,DRAWING,DANVILLE,DESIGNATORS,DESIRE,DOORKEEPER,DIVINE,DISCHARGING,DMITRI,DROOPING,DISCREPANCIES,DEPOSITS,DISPEL,DIETER,DIALECTIC,DOMESTICALLY,DICTATED,DAMPEN,DICTION,DOZED,DISTRIBUTION,DIVERSIFIES,DEVOTEDLY,DAUGHTERS,DERAILED,DISCONNECTING,DELETING,DELICIOUSLY
DAMPENS,DESPERATE,DRUNKEN,DISCONNECT,DANGEROUSLY,DECATHLON,DILLON,DISPERSIONS,DROPLET,DAZZLE,DEDUCED,DIAGRAMS,DECOUPLED,DISTRACTS,DONNYBROOK,DADAISTIC,DISHONORING,DECOMPOSITION,DROP,DILEMMA,DETECTED,DOWNLINK,DREADED,DEVOTE,DIVINITIES,DEPRESSED,DRIVE,DICTATIONS,DICTIONARIES
DIAGNOSABLE,DIMLY,DIRECTIONAL,DATUM,DULLING,DISPROVE,DEPOSITIONS,DORTMUND,DETERMINANT,DAKOTA,DEFICIENT,DURERS,DEPENDING,DEEPEN,DEFENESTRATING,DOUGLASS,DISREGARDED,DRUGGIST,DISPLEASED,DISFIGURES,DELHI,DISBANDS,DECORATE,DESTROYERS,DISARMING,DECENTRALIZATION,DISINGENUOUS,DISTORT,DEDUCT
