LOIS,LOWNESS,LAMENTATIONS,LEARNED,LUCKS,LINGER,LATROBE,LAMPS,LOVERS,LEAKING,LOATHED,LIKENESSES,LYNCHBURG,LEADINGS,LIMPNESS,LIONESSES,LAMBS,LOWLANDS,LANDLORDS,LAGOS,LACQUER,LABELLED,LYNXES,LARKS,LITERATURES,LONDONIZE,LAVOISIER,LEAR,LOUNGE,LOCALITIES,LANCER,LOKI,LURCHED,LIEGE,LINEARIZED,LEFT,LASTING,LITANY,LIMITS,LINGER,LIBRARIANS,LOOKERS,LIECHTENSTEIN,LOCKERS,LOGICIAN,LIMOUSINE,LUIS,LIVABLY,LILY,LASHINGS,LEFTISTS,LATENESS,LINT,LEVIABLE,LURCH,LIGHTS,LODGE,LINDHOLM,LEAVED,LINDEN,LEAGUER,LAW,LEISURELY
LOCATION,LACQUER,LIVER,LOUNGES,LANGUISHING,LOPSIDED,LEANED,LOFTS,LAMP,LINED,LIVINGSTON,LOBE,LEPROSY,LABRADOR,LIED,LANCES,LOWLANDS,LIKENESSES,LENTIL,LOYAL,LIQUOR,LEILA,LIBERALIZING,LIFESPAN,LENIN,LACQUERS,LANG,LECTURERS,LEARNER,LUNCHEONS,LIPSCHITZ,LUDLOW,LECTURING,LITIGANT,LIONESS,LOLA,LUXEMBURG,LASHES,LUNATIC,LOVABLY,LINEN,LINGUISTIC,LEVELLING,LANDOWNERS,LUSAKA,LOCALS,LIMITLESS,LICENSED,LUCIFER,LAUNCH,LEONARDO,LENGTHEN,LOCALLY,LAMBERT,LACERTA,LIEBERMAN,LEVELLY,LUDWIG,LISP,LODGE,LEVERS,LAWRENCEVILLE,LEGISLATE
LEASING,LAMBERT,LOCK,LUTHERANIZE,LYNCHBURG,LITTER,LITTLENESS,LEW,LIGHTING,LYRICS,LICKING,LOOSES,LOGINS,LANDINGS,LETTERING,LOGICIAN,LAGOS,LOADERS,LUSH,LEOPOLDVILLE,LEVER,LETTING,LOUISIANA,LIGHTER,LINENS,LIEU,LIBERATES,LIBERATING,LEVELLEST,LIBERTY,LORETTA,LEXICON,LACERATION,LEAVENWORTH,LEVELLY,LORDS,LOCUSTS,LYNCHER,LAVA,LITERALS,LOWER,LUCKED,LANDOWNERS,LABORER,LYSENKO,LAGS,LEGALITY,LOOSENESS,LYNDON,LAGUNA,LONDONIZES,LOREN,LANDSCAPE,LITTON,LEGS,LUDWIG,LEANS,LAZYBONES,LOUD,LOBBY,LUSTER,LONELIEST,LIDS
LEARNER,LAUNDERINGS,LINDY,LUCIA,LOMBARDY,LAWFORD,LOCUS,LEFT,LYRIC,LUXEMBURG,LOOSENED,LAUNCH,LUSCIOUSLY,LEASE,LOAVES,LOOSELY,LEADED,LUMBERED,LINDEN,LITIGANT,LOVELACE,LIMOUSINE,LICK,LENDER,LUCKIEST,LORDSHIP,LOUNGE,LIGHTERS,LILA,LEVERAGE,LEEUWENHOEK,LINUX,LESSEN,LAKEHURST,LORD,LOOKING,LEAPFROG,LOSS,LOVELIER,LEON,LOUNGING,LEGALIZATION,LOVERS,LOOKUP,LEDGE,LESSER,LADS,LANKA,LINUX,LECTURER,LUBBOCK,LEGALIZATION,LAZED,LATHE,LANGUISHES,LOVERS,LUCILLE,LYON,LAMELY,LASER,LAPEL,LENGTHENS,LUCIEN
LIEN,LEGERS,LOCATE,LENDER,LIGHTED,LUCY,LIFELONG,LAMENTS,LAVISHED,LABELLERS,LEAKING,LITTERS,LAYERED,LOGISTIC,LIMOUSINE,LOOTS,LONDONIZATIONS,LATRINE,LIFESTYLES,LUCK,LANDLORDS,LIMITED,LEVELLER,LOIS,LANDINGS,LOWLY,LISP,LOUVRE,LITMUS,LOCOMOTIVES,LINDHOLM,LAUNDROMAT,LOPEZ,LANSING,LOCATING,LOCI,LEER,LEAVEN,LAMENTING,LICKED,LANDED,LOINCLOTH,LILAC,LOUNGES,LEOPOLDVILLE,LAURENTIAN,LOVELACE,LISTENERS,LUTHERANIZER,LASTING,LOITERS,LOGISTIC,LOWERING,LUNCHING,LOCUSTS,LEXICAL,LUSCIOUSLY,LEAPING,LOCKSMITH,LODGED,LINED,LIVENESS,LUSTFUL
LEMMING,LADYLIKE,LITERATURE,LEFTOVER,LINDEN,LUCKED,LASTED,LIVABLY,LUTHERANIZERS,LAWSUITS,LAWGIVER,LIBRARY,LICKING,LUCID,LOGINS,LATTIMER,LEGISLATION,LIMAN,LEMUEL,LETTERHEAD,LEMONS,LACKED,LEXICAL,LOGAN,LEATHER,LUKE,LOOSEN,LECTURE,LEVIES,LUXURIES,LAYMEN,LOCKOUTS,LIBRARIANS,LEAKY,LOITERED,LUMPS,LUNCHES,LAYER,LIGHTER,LABRADOR,LAGOS,LAO,LORENTZIAN,LIBERATOR,LOYALTY,LESSENING,LIECHTENSTEIN,LANDSLIDE,LAVATORIES,LIGHTENS,LUND,LOUDSPEAKERS,LEPROSY,LEONA,LITERATURES,LASTING,LEANER,LONDONIZES,LAWSUIT,LIVINGSTON,LEGITIMACY,LESBIAN,LIECHTENSTEIN
LIGGETT,LEWELLYN,LACKS,LUFTWAFFE,LOCKOUT,LATRINE,LOWELL,LUSCIOUSLY,LOINCLOTH,LABELED,LOOTS,LAMBDAS,LUCILLE,LENGTHEN,LIFTING,LUXURIOUSLY,LISS,LEVELS,LIECHTENSTEIN,LIEBERMAN,LIGHTER,LUMP,LONELIER,LAME,LIABLE,LARSEN,LANGUIDNESS,LAWRENCE,LIE,LONDONDERRY,LAY,LARRY,LUSTROUS,LEWELLYN,LOOT,LETTERHEAD,LITIGIOUS,LENGTHENED,LIN,LASS,LENDING,LAVISHING,LARKS,LEVIABLE,LAZED,LADY,LICE,LOUNGING,LAMENTING,LIMP,LUCIUS,LOOKUPS,LOOKING,LIPSCHITZ,LORDSHIP,LAUNCHINGS,LOVELIES,LORENZ,LAVISH,LITTER,LACERATING,LOADER,LURED
LOOSES,LEGISLATING,LITERAL,LURE,LEGENDARY,LOGISTIC,LLOYD,LONDONIZES,LAVISHLY,LANDSCAPING,LINDHOLM,LEFTWARD,LINEARIZABLE,LABELLER,LAPSE,LOTHARIO,LUMP,LUMBERED,LEGITIMATE,LENS,LYNCHER,LATTERLY,LIVENESS,LAIRS,LENDER,LOCKOUT,LIBYA,LINEARIZABLE,LITERALLY,LAWN,LORINDA,LONGS,LUNAR,LEVELLER,LEEWARD,LEADED,LOATHED,LARAMIE,LOLA,LENINISM,LIEGE,LEAGUE,LENIENT,LUTES,LINT,LUXURY,LANGLEY,LAOCOON,LINDSEY,LUBRICANT,LAIR,LICKS,LIVID,LUXURIANT,LAUSANNE,LOUD,LABELLERS,LOUSE,LIEUTENANTS,LEOPARD,LISS,LUCIUS,LEATHERS
LIKEN,LEATHER,LUSTINESS,LETTERHEAD,LINCOLN,LASSES,LEGENDS,LAISSEZ,LAYOFFS,LAUGHABLE,LEONE,LANCASTER,LOTTERY,LOWE,LATER,LEVELING,LINERS,LOIS,LOWERING,LOTS,LARGER,LETTUCE,LONGINGS,LIMITER,LIBEL,LACKAWANNA,LIVERPOOL,LEYDEN,LIFTED,LEXICOGRAPHICALLY,LARSEN,LAVISH,LADIES,LOATHLY,LIND,LURES,LOOP,LITTERED,LAMPORT,LOINCLOTH,LYRICS,LECTURES,LAW,LATHE,LIZZIE,LATERAL,LETITIA,LETTERHEAD,LOCKIAN,LOOSEST,LOADS,LOWERED,LIBYAN,LOCALS,LEADERS,LATENESS,LORRAINE,LOVELIER,LIVES,LILACS,LIAISONS,LIBERATES,LIDS
LIMBS,LABORS,LACERATED,LARSON,LEND,LIBYA,LOCUST,LOTHARIO,LIQUORS,LOCOMOTIVE,LARGENESS,LINDBERG,LANCASHIRE,LOOMING,LEOPARDS,LIKELY,LISPING,LEADER,LAMP,LOVELIES,LIVERPUDLIAN,LUSCIOUSLY,LOANING,LOGICALLY,LIMITABLY,LURKS,LAMBERT,LIVERIED,LOOSENS,LEATHER,LINDBERG,LINKED,LYMAN,LEMMAS,LEVEL,LISTED,LOOSENING,LICENSED,LONG,LARGEST,LANDS,LAZED,LATER,LEERY,LENGTHY,LEGISLATORS,LOATHING,LYRE,LOOP,LIFELESSNESS,LAMPREY,LUNCHEON,LIMPLY,LEGALIZED,LINDSEY,LEANED,LETTER,LILY,LEVELER,LESOTHO,LOSSY,LOUNGE,LIFEGUARD
