KIROV,KOREANS,KNOCK,KRUEGER,KENNING,KEITH,KILOJOULE,KEWAUNEE,KICKING,KENNETH,KEEPS,KISS,KLUDGE,KATOWICE,KAMCHATKA,KUALA,KURDISH,KESSLER,KICKOFF,KIRKLAND,KNIGHTHOOD,KEATS,KINDNESS,KEYSTROKES,KUENNING,KIDDED,KNUCKLES,KEELS,KNIVES,KIND,KLUDGE,KINGDOM,KNUCKLE,KINGDOMS,KOWALEWSKI,KIRBY,KILIMANJARO,KNIGHTS,KILLING,KATHARINE,KEATS,KLINE,KERCHIEF,KLINE,KINDLING,KNOCK,KINKY,KNOWER,KESSLER,KARACHI,KNAVE,KEMP,KIEWIT
KIRKWOOD,KNOCKER,KAFKAESQUE,KONG,KRAEMER,KIKUYU,KOVACS,KATHY,KIMBERLY,KIRCHOFF,KELLEY,KITE,KENNEDY,KILIMANJARO,KEELING,KINDER,KITAKYUSHU,KIEWIT,KNOTTING,KICKOFF,KRUEGER,KIDDIE,KILOWATT,KETTLE,KILLJOY,KNOBELOCH,KIEL,KIEV,KUWAIT,KICK,KABUKI,KEEGAN,KINK,KALMUK,KIDNEYS,KILOWORD,KNOWHOW,KANE,KIMONO,KIRKPATRICK,KONRAD,KICKAPOO,KNAPSACK,KRAKOW,KNOTTING,KICKING,KEYWORD,KNEECAP,KNEW,KIEV,KERNIGHAN,KERMIT,KAMCHATKA
KIRKPATRICK,KRAKOW,KNIGHTLY,KASHMIR,KISSES,KOVACS,KILIMANJARO,KIDDED,KNUTSON,KNOWHOW,KLEINROCK,KILOWATT,KLEINROCK,KOALA,KIDDE,KEPLER,KNOWLTON,KNOBELOCH,KRUEGER,KNAUER,KENNY,KNOX,KLUDGE,KANE,KILOBIT,KINGSBURY,KALAMAZOO,KEYING,KNUCKLED,KITE,KLINE,KANGAROO,KINGS,KUALA,KNOCK,KOWALEWSKI,KNUCKLE,KETTLES,KNIFES,KINETIC,KNOWLES,KIROV,KEEP,KENTUCKY,KNOBELOCH,KNAVES,KINDEST,KILLER,KRUSE,KILOHERTZ,KUHN,KNIT,KIEWIT
KISS,KITCHENETTE,KNOBS,KRISHNA,KISSER,KNIGHTHOOD,KEATON,KAFKAESQUE,KNOWABLE,KENOSHA,KENNEY,KASHMIR,KASKASKIA,KIND,KEITH,KICKER,KUWAITI,KUHN,KEWASKUM,KNELL,KLEIN,KATHERINE,KISSED,KINDLED,KANTIAN,KINSHASHA,KNOTTED,KUWAITI,KNOWLEDGE,KISSERS,KILOBIT,KNIFES,KERNIGHAN,KICK,KURD,KISSED,KOALA,KEENER,KAFKAESQUE,KILOHERTZ,KINSHASHA,KNEELING,KEYHOLE,KEELING,KNIGHTHOOD,KANE,KNOB,KANARESE,KENNEY,KEYHOLE,KEYPAD,KNAPSACK,KICKING
KRUEGER,KINGLY,KEENAN,KINGDOM,KINSMAN,KEYSTROKE,KEYSTROKES,KEENEST,KNAVE,KAMCHATKA,KNITS,KIDNEY,KREBS,KIROV,KEYED,KIKUYU,KIDNAPPERS,KENNEDY,KARP,KOSHER,KHRUSHCHEV,KNACK,KATHLEEN,KETTERING,KEEPING,KIRCHNER,KURD,KINDRED,KNAVE,KEENER,KICKS,KATE,KINDHEARTED,KNOWER,KITES,KNOB,KNIGHT,KNEAD,KAPPA,KIMONO,KERN,KITE,KEEGAN,KINDLED,KITCHENS,KRAUSE,KURD,KILOMETERS,KNOT,KRUGER,KNUTH,KATOWICE,KEELS
KEYNESIAN,KUWAITI,KETTLE,KEEPER,KILOHM,KEEN,KEEGAN,KINSEY,KOVACS,KITS,KNAVE,KENNEL,KILIMANJARO,KIOWA,KNOSSOS,KEYWORDS,KITE,KEYES,KILLJOY,KINDLY,KUWAIT,KLAN,KITTEN,KOENIGSBERG,KODACHROME,KEENNESS,KODACHROME,KREBS,KUHN,KANNADA,KENNETH,KEWAUNEE,KERNIGHAN,KAMIKAZES,KAREN,KISSERS,KOREAN,KRISTIN,KITTEN,KENNELS,KILOGRAMS,KEROSENE,KNELT,KNEE,KILOBYTE,KNEAD,KATHLEEN,KENT,KEELING,KNICKERBOCKER,KICK,KNOCKER,KETTERING
KIOWA,KNOT,KIGALI,KATIE,KNOTTED,KEYNESIAN,KANARESE,KELLOGG,KANE,KREMLIN,KNEE,KANARESE,KITE,KIDNAPPING,KISSED,KHMER,KELLOGG,KNIGHTSBRIDGE,KILOHERTZ,KILGORE,KABUKI,KEENEST,KIDDIE,KINDS,KEYHOLE,KNOWABLE,KEEP,KENILWORTH,KURDISH,KRAEMER,KAMIKAZE,KIRBY,KICKS,KHRUSHCHEVS,KODIAK,KEEPER,KNEEING,KARL,KINDLY,KOENIG,KILLEBREW,KILOBLOCK,KEYHOLE,KAMIKAZES,KNEEING,KINSMAN,KNICKERBOCKER,KUWAIT,KIDNAPPING,KENYON,KILOWATT,KEEPING,KERCHIEFS
KEWASKUM,KISSER,KAPLAN,KIDDIE,KNUCKLES,KANTIAN,KNAUER,KERNELS,KIRKPATRICK,KOSHER,KATHLEEN,KEYPAD,KINNEY,KEYNESIAN,KILLERS,KIWANIS,KELLER,KURDISH,KLAUS,KUMAR,KELLER,KNOWLEDGE,KATOWICE,KNOT,KERMIT,KNOWN,KEYED,KENDALL,KEYNOTE,KRUEGER,KAY,KNOWINGLY,KOWLOON,KNOBELOCH,KILOWORD,KENNEDY,KINDS,KATHLEEN,KILOVOLT,KIND,KADDISH,KEVIN,KERCHIEF,KINGSLEY,KUMAR,KALMUK,KINGS,KENILWORTH,KINDRED,KNOWLES,KERN,KNOWLEDGEABLE,KETCHUP
KOWTOW,KING,KLAUS,KOBAYASHI,KEENEST,KRONECKER,KEENLY,KILL,KRAMER,KEVIN,KNIGHTHOOD,KNOTTING,KNOW,KENOSHA,KITTY,KEEGAN,KILLED,KENTUCKY,KATHY,KNICKERBOCKERS,KNOT,KETTLE,KRUEGER,KLYSTRON,KRAKATOA,KRESGE,KNEEL,KETTLE,KNIFE,KINDLED,KINGLY,KENT,KURDISH,KEEPS,KILL,KETTLES,KILLED,KITTY,KICK,KNAPSACK,KEEPER,KILLINGLY,KNIFING,KUHN,KAREN,KENTON,KNOCK,KATZ,KIDDE,KNAVE,KIOWA,KEEPER,KNOWS
KEYHOLE,KILL,KONRAD,KITES,KLUDGES,KILIMANJARO,KIEL,KINGSTON,KICK,KELVIN,KNOWS,KEELING,KNOXVILLE,KINGPIN,KICKS,KNOCKOUT,KNOTT,KIRBY,KENNEDY,KNAVES,KEPT,KILOHERTZ,KEWAUNEE,KNIGHTS,KEWASKUM,KICKERS,KNEELING,KINGSBURY,KIDNAPPINGS,KRONECKER,KODIAK,KEYWORDS,KENTON,KNIT,KREBS,KINSHIP,KEYNES,KNOLL,KNEECAP,KIDNAPPING,KALAMAZOO,KEYS,KUENNING,KNOWLEDGEABLE,KNICKERBOCKERS,KARATE,KILOBITS,KINGLY,KINDERGARTEN,KINDLED,KOSHER,KIDNEYS,KEYES
