NOTIFY,NANOPROGRAM,NOBLER,NATIONALIZED,NORTON,NORMALIZE,NIELSEN,NICE,NONPROCEDURAL,NICKNAME,NEGATIVES,NOBLENESS,NUTATE,NANOSTORES,NOUAKCHOTT,NOMINATE,NESTER,NOBLER,NONINTERFERENCE,NONPROCEDURAL,NAUR,NONCONSECUTIVELY
NORTHEASTERN,NOXIOUS,NUTRIENT,NONDETERMINISM,NOISES,NURSING,NUMERABLE,NONUNIFORM,NEVA,NEGATORS,NONPERISHABLE,NANOINSTRUCTION,NUTRITIOUS,NIPPONIZE,NATIONALIZED,NEUTRALITY,NINETEEN,NIKOLAI,NARROW,NONNEGATIVE,NEARING,NOTE
NOTABLY,NAPKIN,NATIONALLY,NOODLE,NOTIONS,NOTARIZES,NONPERSISTENT,NUN,NOISE,NATIONALITY,NUMERAL,NYLON,NAGASAKI,NIGER,NIGHT,NATAL,NONTERMINATING,NUMERIC,NATIONALIZES,NOUNS,NATHAN,NECESSITATED
NERVOUS,NUTRITION,NORMAN,NUTS,NAGS,NECESSITATED,NOVELTIES,NEGATING,NAVIGABLE,NOT,NURTURING,NETS,NOISES,NARROWS,NUCLEOTIDE,NIGHTMARE,NONCOMMERCIAL,NOTEBOOK,NIKKO,NEGATION,NONPROFIT,NAVIGATING
NEEDFUL,NONCONSERVATIVE,NEGATIVE,NICER,NGUYEN,NONSENSICAL,NICOTINE,NONDECREASING,NATURALS,NODE,NEGOTIATE,NAILED,NOVEMBERS,NONNEGATIVE,NORRISTOWN,NORMA,NEUROLOGISTS,NUMBNESS,NATOS,NUCLIDE,NEGOTIATE,NONPROCEDURALLY
NASTIEST,NEUTRINOS,NEWCOMERS,NATCHEZ,NUMISMATIC,NONINTERFERENCE,NICHE,NONTERMINATION,NEXT,NONORTHOGONAL,NICOTINE,NOTRE,NUMERICALLY,NONEMPTY,NEUROTIC,NICKNAMED,NATIONALIZED,NAUSEA,NONCONSECUTIVELY,NARCOTICS,NONCE,NONTERMINAL
NICKNAME,NOVICE,NOEL,NUCLIDE,NAVEL,NOONS,NESTLING,NESTED,NATIONALIST,NASTY,NABLAS,NORMA,NEWLY,NULLS,NEW,NEHRU,NOZZLE,NEBULOUS,NEBUCHADNEZZAR,NOTHINGNESS,NORMALITY,NONEMPTY
NUTRITION,NAKOMA,NUMBED,NATIVES,NANOPROGRAMMING,NIGHTINGALES,NIJINSKY,NARBONNE,NEWARK,NOONTIME,NEVA,NANKING,NEVADA,NEUROSIS,NESTOR,NUMEROUS,NEWMANIZE,NASTIER,NEGLIGIBLE,NEURAL,NINTH,NEEDED
NEWCASTLE,NEWBURYPORT,NATIVITY,NONZERO,NETTING,NEAR,NUN,NICKED,NABLA,NESTER,NICODEMUS,NULLIFIED,NOVEMBERS,NEITHER,NOONTIDE,NUGENT,NICKLAUS,NUCLEUS,NEARNESS,NAMELESSLY,NUCLEI,NULLIFIES
NAN,NEUTRALIZED,NELSEN,NOTRE,NATURALIST,NOWHERE,NUMBING,NUANCE,NORRISTOWN,NUCLEOTIDES,NOSE,NATURED,NORTHERNLY,NONPERSISTENT,NUBIA,NAIROBI,NECKING,NIGHTS,NESTLES,NAB,NINETIETH,NORWEGIAN
