OVERVIEW,ORIENTALIZED,OSCILLATED,OBSERVATORY,OILER,OVERTHREW,OVERHEAR,ONTO,OVERCOAT,OBOE,ORGIES,OPTING,OUCH,ORLANDO,OFFICERS,OUTPUTTING,ORIGINATES,OVERWRITES,OURS,OFFENDED,OXIDIZE,OTTERS,OBSERVED,OSMOSIS,OUTLINING,OCCIPITAL,OPPOSITELY,ORIGINATED,OCCURRED,OMAN,ORIENT,OVERTIME,OFFICERS
ORDINARINESS,OCCASIONS,OUTGREW,OPPOSABLE,ONLOOKER,OFFICE,OPTIMIZING,OAK,OVERESTIMATING,OVERTAKE,OVERSHADOWING,OUTGROWN,ONSET,OVERVIEWS,ORDINATES,OAK,ONGOING,ONLINE,OFFICIOUSNESS,ODERBERG,OVERWRITES,OPPOSITES,ORANGES,OPPONENT,ORCHESTRA,OPPOSED,OPPOSES,ONGOING,OVERFLOWS,OUGHT,OXIDIZE,OVERTOOK,OBVIATING
OJIBWA,OVERLY,OBSTRUCTIONS,OSMOTIC,OATEN,ORCHIDS,OVERTONE,OFFENSIVELY,OCCLUSION,OUTWEIGHED,OUTWEIGHING,OVERSHADOWING,OVERLAYS,OUTWITS,OUTWITTING,ONLOOKER,OBSTRUCTION,OBSTINACY,OVERTHROW,ORGASM,OSCILLATING,OWING,OPACITY,OUTCRY,OWNERSHIP,OBJECTIVE,ORDINARY,OFFENSIVELY,ONE,OUTLINING,ONESELF,OCCASIONED,OIL
OCEANIA,OCCUPANCY,OPERAS,OUTCRY,OPTIMISTIC,OBTAIN,OVERWRITING,OBLIVIOUSLY,ORTHODONTIST,OBJECTS,ODE,ONIONS,OMITS,OBLIGINGLY,ORTHOGONALITY,ORIFICE,ORATION,OYSTERS,ORDERS,OPTIMUM,OUTNUMBERED,ORESTEIA,OMAHA,ONEROUS,ORATORIES,OWNERS,ORATORIES,OPPOSES,OUTSTANDING,ORNAMENTED,OVERHEAR,OVERSUBSCRIBED,OVERCOATS
ORIGINATE,OUCH,OBSTRUCTING,OBLIGINGLY,OBSTRUCTED,OMEN,OBSERVANCE,OLEANDER,OVERSTOCKS,OVERTAKER,OCCASIONINGS,OPTIMIZER,ORWELL,ONES,ORGANIZE,ORIENTALS,ORIGIN,OFFSET,ORCHESTRAS,OBSERVATORY,ORGANIZED,OSGOOD,OVERWORK,OUTSTANDINGLY,OFFICIAL,OPTIMIZING,OBSOLESCENT,OXFORD,OUTCOME,ORATION,OVERLOOKING,OMINOUS,OKAMOTO
ORB,OVERHEAR,OUTLET,OUTLIVING,OUTLOOK,OBSERVERS,ONES,OVERWHELMINGLY,OWLS,ORIENTALS,OSBERT,OLDUVAI,OPENNESS,ORDAINING,ORBIT,ORKNEY,OFFSHORE,OARS,OVERNIGHTERS,OBSCURES,OTTOMAN,OUTBREAKS,ORCHIDS,ORDERINGS,ORLEANS,OUTBURSTS,OVERFLOWS,ORDINANCES,OBVIOUSLY,OCCURS,OCCASIONALLY,OVERSHADOW,OUTLOOK
ORNERY,OUT,OVERSIGHTS,OMINOUS,OBSCURELY,ORNAMENTS,OPPOSITELY,OATS,OFFENDER,OPPRESSORS,OBLIGINGLY,ORPHAN,OPERATED,OVERTAKES,OBSCURED,OPAQUENESS,OCCLUSION,OFFSET,OPPRESSING,OCEANOGRAPHY,OVEREMPHASIS,ORATORY,OBVIATING,OLYMPIANIZES,ODDEST,OTHERWISE,ORCHESTRAL,OVERPRINTED,OBSERVED,OSIRIS,ORDINAL,OUTLAWING,ORB
OBSERVATIONS,OTHERWORLDLY,OLDNESS,OVERRIDDEN,OUTERMOST,OFFENSIVENESS,OVERZEALOUS,ORGANIZATION,OBJECTION,ORNAMENTAL,OPTIONS,OSCILLATE,OVERTAKES,ORIGINATES,OVERHAULING,OUTSTANDINGLY,OSCILLATED,OBLIQUELY,OBSOLETING,OBSESSION,OOZE,OVEN,OPPENHEIMER,OUTSKIRTS,ORGANS,OCCIDENTALS,OBSOLETING,OUTS,ORNAMENTED,OUTWITTED,OFFERING,OVERT,OVERDRAFTS
ORNAMENTATION,OBVIATES,OCCUPANTS,OFF,OBSERVED,OLDER,OPPRESSES,ONE,OWNS,ORIGINATOR,OPERA,OBVIOUSLY,ORNAMENTAL,ODIOUSLY,OUTER,OCCUPATION,OZARK,OCCUPIES,OAKLAND,OWES,ORIENTALIZATIONS,ORDERINGS,OLDENBURG,ORBITALLY,ODYSSEY,OVERHANGS,OBSCURING,OUTGROWING,OCCURRED,OAKS,ORIENTS,OSCILLATIONS,ODOROUSLY
OBSERVANT,OPPRESSORS,OPTIMIZER,OVERDRAFT,OFFICERS,OCCURRENCE,OPERAS,OUTLANDISH,OSMOTIC,OUTPERFORMS,ORIFICES,OEDIPALLY,OFFENDER,OATMEAL,ORGANISMS,OVEREMPHASIS,OBESE,ORIGINATE,OUTPUTTING,OVERESTIMATION,OPERATOR,OREGON,ORTHOGONALITY,OUTLIVED,OFFICIOUS,OUTLINING,OCEANS,ODDEST,OCONOMOWOC,OPERATING,OUTLAST,OVAL,OPTIC
