ECLIPSE,EMPLOYING,ERLENMEYERS,ELEVATES,EARDRUM,EGYPTIANIZATIONS,EXERCISED,EXHIBITING,EITHER,ELOPE,ENCUMBER,ENVELOPED,EYESIGHT,EXECUTIVE,EMOTIONAL,ENGELS,EXTENT,ENUMERABLE,EXPIRATIONS,ELLIPSES,ESTIMATE,EXTERMINATING,EXCAVATES,ERIKSON,EXPERIMENTED,EXTREMAL,ELIGIBLE,ELIOT,EXIT,EPISCOPALIANIZE,ELIMINATE,EQUALIZES,EXAMINES,EJACULATIONS,EYEGLASS,EURASIA,EMERSON,EMPLOYING,ELASTICALLY,EURIPIDES,EDGAR,EELGRASS,EXPRESSIVELY,EXTENUATION,ELITIST,EXACTION,EMERSON,EXACERBATES,ESSENCE,EXPRESSIBILITY,ENGAGE,ELDER,ENVELOPED,EMOTIONALLY,EMANATE,EARMARKED,EARTHLING,EYELIDS,EXCURSION,ENCODES,ENVIRON
ENSNARING,EASTMAN,EXPLICITLY,ENGAGEMENT,EVEREST,EXTRACT,EXISTENTIALISM,ENSIGNS,EXITED,EXEMPTING,EVENTUAL,EJECTED,EMPTINESS,ELEVENTH,EXTEMPORANEOUS,ELISHA,EXODUS,EVICTIONS,ENCUMBERS,EUPHORIC,ENGROSS,ELDEST,ERASE,EARMARK,EXPONENTIALS,EATS,EURASIAN,EXPERT,ENSURE,ERMINES,ENEMAS,ELEMENTS,EXEMPLIFY,EVALUATED,EXEMPTED,ERASES,EVENTUALITIES,EMERGENCY,EXCHANGING,EVIDENTLY,EMERALDS,EMPTIEST,EXCEED,EMANATING,ENVIRONS,EXQUISITELY,EBBS,ESTHER,ENDEAVORS,ELIZABETHANS,EXAMINE,ELECTRO,EMERGENCE,EFFECTUATE,ENUNCIATION,ELECTRICAL,ELSINORE,EXCERPT,ENTIRELY,EUGENIA,EXECUTOR
ELICITING,ENDEARS,ENGLISHIZES,EMPTY,ELECTROENCEPHALOGRAPHY,EXCHANGE,ELECTRODES,EATINGS,ELECTROPHORUS,EXCEED,EXTREMAL,EXEMPTED,EDMONDS,EMBRACED,EXTRACTOR,ENCAPSULATES,EXASPERATE,ECCENTRICITY,ENCUMBER,EXISTENTIALLY,EXPLAINER,ENTERPRISES,EQUIVOCAL,EELGRASS,EMACIATE,ESTIMATIONS,EMANCIPATE,EVENSEN,EXAMPLES,EXCITINGLY,EMBARGOES,ERUPTION,EUTERPE,EFFIGY,ERECTING,ELLIOTT,ENTRUST,ESPOUSES,EXCAVATED,EARMARKINGS,EXCISE,EUTHANASIA,EMPLOYED,ELIGIBILITY,ELLIPTICAL,ENCRYPTIONS,EXPRESSED,ELEVATES,EVALUATIONS,EISENHOWER,EMPHASIS,ECHO,EUCLID,EQUILIBRIUMS,EVICT,ELUDED,ECLECTIC,EXACTIONS,ENGEL,ETERNAL,EXEMPLIFICATION
ENDING,ELABORATE,ENGAGED,ENNUI,EQUIVOCALLY,ENCASED,EXPLORER,EXCUSABLE,EXPANDS,EXCLAIMERS,ELIZABETH,EXTORT,ELITIST,EDUARDO,ENCOURAGED,EXACTING,ELIMINATOR,ENABLER,EXTRINSIC,EXPERTS,ENGAGED,ELICITING,ENTERTAININGLY,ENJOYING,EXECUTIONER,EDITH,EXPLOSIONS,EQUIDISTANT,ELEPHANT,EXETER,ENNUI,EVENINGS,ERNST,EXPEDITION,EVENINGS,EAST,ENGENDER,ELECTROCARDIOGRAPH,EXUBERANCE,EUROPEANIZATION,EXCRETE,ESPRIT,ENCOMPASSES,ENDOWMENTS,EFFORTLESSNESS,ERECTION,ENUMERABLE,EMOTIONALLY,EXTREMAL,EXPLAINER,EXACTLY,ECONOMIC,EXAMINER,EQUATED,ENDLESSNESS,EXAGGERATION,ENDOW,EXCLAIMED,EXPECTANT,ELECTING,EDGEWATER
EXPORTED,EUGENE,EXTINGUISHER,ELIMINATE,ENGAGE,EROSION,ESOTERIC,ELECTROENCEPHALOGRAPH,EVIL,EXTRAVAGANCE,EIRE,ERRAND,ELECTRICITY,ECLIPSES,EGYPTIANIZATION,EARED,EKSTROM,EXACERBATES,EMMANUEL,ERECT,ENMITY,EQUIVOCALLY,ENTIRE,ENLARGE,EDITORIALLY,EJACULATES,EMBRACING,EXTREMITY,EXERCISED,EXPELLING,ELECTRIFYING,EIGENVALUES,EFFORTS,ENDURABLY,ECONOMIZING,EXECUTED,EXPLORERS,ELEMENTARY,ENSURER,EUPHORIA,ENTHUSIASM,EJACULATION,ERRONEOUSNESS,ENTRANCED,ERASED,EMBARRASSED,EARNEST,ENTIRETY,ENGAGEMENTS,ENTITLES,EVERGREEN,ETERNAL,ENCRYPTS,EXPOSERS,ERMINE,ENCUMBER,EAVESDROPPING,EPITOMIZED,EXPORTING,EFFORT,EXCRETES
ELOPE,EDISON,ELECTRONICALLY,ENERGETIC,EXACERBATIONS,EXPOSING,EQUILIBRIA,EUNICE,ENCIPHERING,EXISTING,EXCRETE,ELECTROCUTES,ELABORATIONS,EXEMPTS,ELINOR,EXAGGERATING,EMERGING,ELEVATOR,EDUCATING,EXTRAPOLATE,ESCALATE,ENVELOPE,EXAMINING,EXCOMMUNICATING,ENFORCERS,ENJOINING,ELEMENT,EMBELLISHMENTS,ENCHANTS,EPISODES,EQUILATERAL,ELUCIDATE,EMPLOYED,ERRONEOUSLY,EMPIRICAL,ECCLESIASTICAL,EXPOUNDED,EFFECTED,EXECUTIONS,ESPOUSED,ERWIN,ENJOYABLY,EMBRACE,ENTAILS,EXAMINES,EXACTIONS,EASTER,ENCLOSES,EXPERIMENTALLY,EXTINGUISH,ELLIOT,ESCHEWS,ENACTED,ELECTRODES,EMERGING,EXTREMIST,EXACTINGLY,EXPOSES,EERILY,ENCODERS,EXTENSIVE
EFFICACY,EXACTED,EMULATION,EPISTEMOLOGY,ENCOURAGEMENTS,EXHAUSTIVELY,EXEMPLAR,ENDLESSLY,ENCYCLOPEDIAS,EXECUTIONER,ELITE,EQUALIZED,EASTHAMPTON,EMANCIPATE,ESSAY,EXCEED,ENTRANCED,EVENTUALLY,EXETER,EXCHANGEABLE,EXPEDIENCY,EIGHTIES,EUROPEANIZED,ELECTRICAL,EQUALED,EERILY,EXCRETES,EXPONENTIAL,ENFORCED,EGOCENTRIC,EVALUATIVE,EXPOSITION,EMIGRATE,EROTIC,ERMINE,EGO,ELIZABETHANIZES,EUPHRATES,ERRATIC,ENSURING,EYEGLASSES,EDWARDINE,EMPOWERED,EVAPORATION,EXTINCT,EDGES,EXCUSES,ENTERPRISES,EXTENSIBLE,EHRLICH,EXQUISITE,ELAPSING,ESSEX,ELECTRON,EXTINGUISHER,EXPLOITING,EXTENSIONS,EGYPTIANIZATION,ENOUGH,ETHERS,ENABLED
EXPELLED,EMPLOYMENTS,ECOLE,ERASABLE,EYELID,EXPECTED,EXTROVERT,EXAGGERATES,ELI,EXPLOITABLE,EMPIRICAL,ELECTRICALNESS,EMPIRE,EMBELLISHING,ENERGIES,EMBARK,EPISCOPALIANIZES,EARTHLY,EXCLUSIONS,ENHANCES,ENCRUST,EFFICIENCY,EXODUS,EPITOMIZED,ELEVATION,EXPRESSIVELY,ERADICATE,EXAMINES,ENSEMBLES,EXPLAINED,EDISON,ESCAPE,ELECTROMECHANICAL,EXEMPLARY,EXECUTES,EXCUSES,EXPIRATION,ELSIE,EXULTATION,ELEPHANT,EPICS,EMBODIMENTS,ENGAGE,ELLIPTICALLY,EXPOUNDING,ENCOMPASSES,ENGROSSED,EXECUTORS,EAGERNESS,EXHILARATE,EJACULATIONS,EXCURSIONS,ENLIVENS,ELECTROMAGNETIC,EXCELLENCE,EQUIPOISE,ELECTOR,EYEPIECES,EXPANSION,EXISTENTIAL,ENDEAVOR
ENDEARS,EXHAUSTED,EXPRESSES,ETHAN,EXPENSE,EXERTION,ELECTIVES,ENJOYMENT,ELEGANTLY,EXTREMES,EMBEDDING,EXASPERATES,EXCEPTS,ELUCIDATED,ESSAYED,EDGAR,EXTRA,ELICITED,EARSPLITTING,ENCIPHERING,EMITTER,EVIDENTLY,EUROPEAN,ENCHANTMENT,ELECTION,EFFECTING,ENDOW,EURASIA,EMMA,EXPERIMENT,ENVIED,ENCIPHER,ENSURERS,ESCORTED,EDWARDS,ELIJAH,EIGHTFOLD,EATINGS,EXPLANATIONS,EXTENUATED,EXACTED,EXPECTEDLY,EQUIDISTANT,EMPHASIZE,ERNIE,EXPENDITURES,ESQUIRE,ESTIMATION,EFFORT,ENVOYS,EXCELLENTLY,EXTORTION,ENLISTED,EMBEDDING,EARMARKS,EQUATORS,EMPTY,EXTINGUISHER,EXTRACTED,EAGLES,ENOS
ENTRANCED,EXHAUSTS,EASEMENTS,ELECTRODES,ESPOUSES,ELABORATORS,EXILE,ECHOING,EXILING,EYEING,EKES,EXPIRED,ENFORCED,EFFECTORS,EVOKING,EXTENUATED,EXPLOITING,ERASES,ERRATA,EQUIPPED,EPSILON,EFFICIENT,EILEEN,EMERGENCE,EQUALING,EMIGRATING,ELTON,EQUALED,EXACERBATIONS,EMBASSY,EDDY,EXACERBATES,ELYSEES,EJECTED,EVANSVILLE,EXASPERATING,ENOUGH,ENGAGEMENT,EKED,ENGRAVED,EILEEN,ESCALATION,ENDORSED,EVENTFUL,ELEPHANTS,EQUALIZES,EXALTS,END,ECHO,EMBRACES,ENVOY,ENCIRCLED,EXPOSITION,EXPECTINGLY,EXORBITANT,ERASER,EMPLOYMENTS,ENGENDERING,EDMONDS,ENCIPHER,EXPOSING
