GROVES,GINGERLY,GULLY,GRIM,GRANDMOTHERS,GRADY,GYPSIES,GIMMICKS,GREENBERG,GRANULATE,GUSTS,GRIEVOUSLY,GALWAY,GORILLAS,GENTLER,GERUND,GELLED,GOUDA,GYMNASTS,GEMS,GRAB,GODSEND,GODDESSES,GOUGED,GALL,GURU,GOA,GULL,GRAVEL,GOSPEL,GERMAN,GODZILLA,GASOLINE,GARDENS,GREATLY,GLOVED,GIGABIT,GRAFTING,GLOVED,GINGHAM,GHOSTED,GARFUNKEL,GOUGE,GUTSY,GASSED,GLOSSARY,GAUGE,GAUGES,GUARDHOUSE,GRADED,GUILTY,GENIUSES,GRAMS,GONE,GERUND,GRANTING,GOTO,GIDDY,GOVERNOR,GIGGLING,GELATIN,GROVE,GRUFFLY,GRATINGS,GENIUSES,GRIMED,GLEAMING,GUELPH,GHASTLY,GLOVER,GREET,GREEKIZES,GARLAND,GROOT,GOA,GLANCING,GRACEFUL,GREEKIZE,GOTO,GEOMETRIES,GREETS,GRAPPLING,GROWS,GRAVITATE,GLEASON,GIORGIO,GASEOUS,GRITTY,GRIEVANCES,GUSTY,GRANGE,GRANDEUR
GLINT,GREENEST,GROCERS,GERMINATED,GULPS,GIPSIES,GRATUITIES,GANDHIAN,GLINT,GENTLE,GRANDEUR,GABRIEL,GASH,GRANTOR,GRIDIRON,GLOVED,GUESSES,GREEDILY,GRATE,GRAFT,GILDS,GRIEVOUSLY,GALLUP,GUJARAT,GALWAY,GESTURED,GLAZES,GATSBY,GUTTERS,GROVEL,GAMENESS,GRAVITATE,GROOMS,GRANULATES,GRIEVOUS,GODLY,GAIL,GREENNESS,GRILLS,GIOCONDA,GRECIANIZES,GLIDES,GOODE,GREENE,GLASS,GRASPABLE,GLEAM,GRAPE,GENERAL,GADGETS,GRAVESTONE,GREER,GRESHAM,GUARDHOUSE,GNAWING,GRIM,GWYN,GRADUATIONS,GIRAFFE,GOODE,GREYHOUND,GURU,GONZALEZ,GRINNING,GRENVILLE,GALLANT,GUJARATI,GONER,GLAMOR,GRINDER,GIBRALTAR,GIGAWATT,GRACE,GREENEST,GOOFS,GRAVEST,GOTHICIZING,GRATEFULNESS,GERMINAL,GRABBINGS,GLOWINGLY,GIDDINGS,GILT,GRIMALDI,GANGPLANK,GATEWAYS,GREGARIOUS,GULLY,GRACES,GENTLEMEN,GOWNS,GENIAL
GENTLEMAN,GANDHI,GABERONES,GADGET,GROWL,GRATIFY,GUAM,GARFIELD,GOURD,GIGAVOLT,GRAFTED,GOVERN,GARGLES,GASP,GRACED,GHANA,GAMED,GREATEST,GRAIL,GAIETY,GASPEE,GRASSY,GARDEN,GARTH,GENERATION,GULLIES,GUTS,GODWIN,GUNSHOT,GRIST,GROVER,GRANDFATHER,GAS,GUISE,GRAFF,GUNPOWDER,GRAZE,GHENT,GUTTURAL,GOBLET,GAUNTLEY,GAUNTLEY,GAMBLERS,GIGGLES,GASTROINTESTINAL,GRANGE,GYPSIES,GIMMICKS,GANGES,GRAINS,GALLON,GENDER,GNU,GAGGED,GREENERY,GALLERY,GUNS,GUIDED,GENUINENESS,GREASED,GRANDCHILD,GALLING,GODSEND,GROSSMAN,GRANULARITY,GEORGE,GOGGLES,GIL,GUJARAT,GARRISONED,GUILE,GAZETTE,GIBRALTAR,GUSTAVE,GOLDENLY,GAUNTLEY,GRATER,GALLAGHER,GIST,GOSSIPING,GAIT,GLASSES,GUIDED,GRAZED,GAILY,GLADLY,GRANDNEPHEW,GAMBOL,GAITHERSBURG,GLASGOW,GERALDINE,GLAUCOMA
GRANDER,GLITTER,GREENS,GAWK,GLADDEN,GRACEFULLY,GAB,GEMMA,GLAMOUR,GYROSCOPE,GRUBS,GALLOWAY,GERMANS,GAVE,GUMS,GALLOPS,GUARANTEED,GLADE,GLIDES,GRIEVE,GLOAT,GRASPED,GRANTER,GUNPOWDER,GLORIFICATION,GREATEST,GRAFTER,GAELICIZATIONS,GEMINI,GAPS,GROSSNESS,GRADUALLY,GRAIN,GLORIANA,GOETHE,GNATS,GRAMMARIAN,GRAVITATE,GILLS,GLANCING,GULFS,GOUCHER,GLAD,GNAWED,GRIEVANCE,GYMNASIUMS,GRATUITOUSLY,GLUING,GREETING,GUTSY,GLAMOUR,GESTURE,GAYLY,GRUDGES,GLANCED,GRANARIES,GILD,GIBRALTAR,GRETA,GREENERY,GRADUATED,GILES,GIORGIO,GADFLY,GENERATIONS,GENIAL,GABERONES,GAZED,GOLDA,GRINS,GRENDEL,GRASSY,GOLFING,GERBER,GERMINATION,GERMANIC,GONDOLA,GREGARIOUS,GOVERNMENTAL,GRIPPED,GUTENBERG,GHOSTS,GRADIENTS,GLAMOUR,GENERATE,GEMINID,GOLDMAN,GALAHAD,GREGARIOUS,GRINNING,GLADE,GRANDCHILD
GLOWED,GAUGES,GULP,GRANDSON,GUT,GIBBS,GAP,GUNPLAY,GRAVEST,GIRLS,GALATIA,GALLS,GENEVIEVE,GROTESQUELY,GOBBLER,GOTHICIZE,GOWNS,GRADUALLY,GNAWING,GRABBINGS,GIDDY,GLANDULAR,GREW,GNOMON,GOD,GROUNDERS,GHOSTED,GLITTER,GRINDS,GABRIELLE,GOODWIN,GERMS,GAIETIES,GANGS,GARBAGE,GOBBLED,GOODE,GRABBINGS,GULCHES,GROTESQUELY,GROSSLY,GERSHWINS,GALAPAGOS,GODDESS,GLADDEN,GAINED,GYRO,GAELICIZATIONS,GAMBLER,GORILLA,GELATINOUS,GODMOTHERS,GAINESVILLE,GOODY,GRABBERS,GRADING,GROUNDERS,GREG,GEOFFREY,GROANING,GANGSTERS,GUHLEMAN,GROVES,GAITERS,GROWLING,GORGE,GRAIN,GOURMET,GUARANTY,GALAHAD,GRUNTS,GARBLED,GUYING,GNAT,GASPED,GROWNUPS,GARAGE,GIVE,GLISTENING,GARY,GLAZING,GLADSTONE,GIRAFFE,GRUMBLED,GOUGED,GRAPHICALLY,GLUED,GORILLAS,GRESHAM,GULLED,GAMBLERS,GENTLENESS
GLEAMED,GARTH,GRISLY,GERUND,GIVE,GUITARS,GREAT,GUTTERS,GOAT,GUSHING,GAINERS,GUYERS,GRABBING,GLEANER,GRIMALDI,GODDARD,GRINDS,GENTRY,GOLDWATER,GUBERNATORIAL,GROUNDS,GRAVELY,GUIDING,GREENWICH,GOLDENROD,GRACIOUSNESS,GLOOM,GALLANT,GRENDEL,GROCERY,GETS,GRECIAN,GERHARD,GENUINE,GUMPTION,GRATUITOUSNESS,GUERRILLAS,GRAVEL,GASSED,GLAZING,GRANDMOTHERS,GROANED,GRANDMA,GYMNASTIC,GOTHIC,GAINESVILLE,GROTON,GASPED,GAZE,GYMNASTS,GELATINOUS,GAPING,GERMAN,GUNMEN,GENUS,GERHARDT,GUILE,GLIDE,GAY,GONDOLA,GYRO,GUESSED,GLADDER,GALILEE,GUTHRIE,GARDENERS,GIFTS,GLACIER,GREENVILLE,GOVERNMENTS,GRASSES,GROANED,GRACEFUL,GRAVENESS,GRADATION,GENERIC,GENEROUS,GHOST,GEARED,GREENVILLE,GOLDSMITH,GAD,GRINDS,GODHEAD,GOTHAM,GRAVEN,GROWL,GEYSER,GOTHICIZED,GYMNASIUMS,GALLONS,GENUINELY
GREENTREE,GROUNDS,GLAND,GIRLS,GLEAN,GRIPES,GRIND,GLUTTON,GENESIS,GARDEN,GENESCO,GAINFUL,GNOMON,GIGABIT,GIBBONS,GUNDERSON,GUILTLESS,GUHLEMAN,GLORIFICATION,GENTLEST,GENTLEWOMAN,GULCH,GAYER,GRANGE,GENERALITY,GIN,GLOOMILY,GORGING,GRANDPA,GALLANT,GOUGE,GRAFTING,GALLED,GAUNT,GUTS,GRABBED,GLIDED,GURKHA,GENERALIST,GLAZING,GRIEVOUS,GRATINGS,GAMES,GLORIFY,GATHERING,GORKY,GILEAD,GUITAR,GOAD,GRANDSTAND,GURKHA,GRUB,GREATNESS,GRIPE,GAINFUL,GREG,GARNETT,GAINES,GAYNOR,GREENHOUSE,GIN,GROWERS,GUIDES,GIMMICKS,GRITTY,GUNNAR,GLADYS,GRASSY,GROPE,GUM,GAINES,GAINERS,GIBBONS,GAYETY,GILEAD,GAITHERSBURG,GABBING,GRINDSTONE,GRADUALLY,GOWN,GLASSED,GLADE,GUMPTION,GEOGRAPHICALLY,GENETICALLY,GLAZE,GRADIENTS,GNAW,GIBSON,GRINDER,GUARDIANSHIP,GAINFUL
GROVERS,GHETTO,GASES,GENOA,GRANDMOTHER,GRIMES,GUHLEMAN,GENTLEMANLY,GALACTIC,GELD,GARRY,GENERALIZE,GRADIENTS,GLASWEGIAN,GLASWEGIAN,GEMS,GHANIAN,GOLDA,GELS,GENIE,GOTTFRIED,GETTYSBURG,GROSVENOR,GUARD,GARNETT,GUILD,GEISHA,GENERATE,GREEN,GLEANS,GLOWINGLY,GLINTED,GUNTHER,GENERALITIES,GULCH,GATHER,GRANDMOTHER,GAMBIT,GORTON,GRANDPARENT,GEIGER,GARNETT,GREGG,GROUPINGS,GLEANS,GATEWAY,GAGGING,GALILEE,GHOSTED,GINGER,GATOR,GRAFTON,GATING,GIMMICKS,GROAN,GEESE,GABRIEL,GUNPOWDER,GULCH,GAUGUIN,GRIEVINGLY,GLIDER,GUILDERS,GROANING,GIORGIO,GIVER,GRATIFYING,GADGETS,GOLDSTEIN,GROCERS,GUYED,GIUSEPPE,GIRAFFES,GENERALISTS,GALWAY,GLIMMERS,GROVEL,GIVES,GLANDULAR,GRANOLA,GEOSYNCHRONOUS,GRAPPLING,GROWNUP,GARLIC,GRATUITOUSLY,GRIDDLE,GOSPELS,GATSBY,GROSSES,GLOWER,GRASS,GAUGE
GLORY,GASSINGS,GIST,GIBRALTAR,GAMELY,GRADUALLY,GRINNING,GRIEVER,GWYN,GAUNT,GRASPED,GRANVILLE,GRIDIRON,GALVESTON,GROWS,GARTERS,GANGSTERS,GRIEVANCE,GLACIAL,GRATIFICATION,GEARY,GAELICIZE,GRANULATES,GLAMOROUS,GAUGE,GENERATIVE,GILT,GUST,GREETINGS,GAUL,GOODWILL,GOBLETS,GUHLEMAN,GRAFTS,GAULS,GAMBOL,GASPED,GLADDEST,GAINING,GOWNS,GAUZE,GATLINBURG,GLAZE,GRAM,GOLDSTINE,GEOFF,GRADED,GEOMETRIC,GRACIOUSNESS,GONZALEZ,GARY,GUILTINESS,GARCIA,GIORGIO,GANGRENE,GOT,GUMPTION,GATHERER,GROOM,GLASGOW,GOINGS,GARIBALDI,GRAINED,GYPSIES,GATHERS,GARDNER,GRAFTS,GUSTAVUS,GLOSSED,GNAT,GUNNERS,GRAVER,GAB,GIBSON,GLOSS,GILL,GARAGED,GIRLS,GUTSY,GALATIA,GRAMMATIC,GRIM,GYROCOMPASS,GREENVILLE,GWEN,GRUDGINGLY,GARBAGE,GENDER,GRUNTS,GROCERIES,GUYER,GANDHIAN
GLOVER,GROVERS,GROTESQUELY,GOLDING,GODOT,GLIMMERING,GRAVITY,GAELIC,GETTER,GENIUSES,GIRAFFE,GRINDINGS,GOBLETS,GRANDSTAND,GRANTER,GESTURING,GRAND,GNAWED,GNOMON,GROUPED,GARRISON,GROUNDERS,GIRTH,GROWNUPS,GLIDER,GRAVELLY,GLUE,GRANULATE,GAUDY,GAPED,GLIDE,GROCERIES,GULPS,GROSSING,GERTRUDE,GREAT,GARBAGE,GAPE,GROUSE,GROVELED,GARGLING,GUBERNATORIAL,GLOAT,GYPSY,GUBERNATORIAL,GARB,GAUNTNESS,GROWERS,GRISWOLD,GALATIANS,GHANA,GROUNDING,GALAPAGOS,GINSBURG,GODDESS,GUATEMALAN,GOSSIPS,GROUPINGS,GAUDINESS,GROSSNESS,GAGGED,GENERATING,GLOWINGLY,GELS,GALATEAN,GRINS,GAUZE,GRASSERS,GILLESPIE,GENERALIZER,GEOGRAPHIC,GENIAL,GRINS,GUESTS,GAINED,GRUMBLES,GREENGROCER,GROUP,GOBLETS,GUARANTY,GRACIOUS,GOLDBERG,GEORGIANS,GOLD,GULPS,GLEANING,GLUT,GERIATRIC,GRANITE,GUIDES,GOTHICIZED,GRADUALLY
