WANDERED,WHISTLED,WIRES,WESTHAMPTON,WHOEVER,WAND,WRIGLEY,WESTPORT,WALLET,WEINBERG,WHIPPER,WORLDLINESS,WORKBENCHES,WOOS,WING,WALBRIDGE,WEAKNESS,WOMAN,WRESTLINGS,WEDLOCK,WRIGGLER,WHOOPS,WOMAN,WRAPPING,WARBLE,WAXES,WHITEHALL,WOOING,WATERING,WAFT,WAKEUP,WORRIER,WOODCOCK,WEARISOME,WHERE,WITHERSPOON,WORRIER,WOODPECKER,WADER,WAIVE,WESTERNERS,WHIMSICAL,WHACK,WILLAMETTE,WEINBERG,WANES,WILD,WORTHLESSNESS,WACO,WATERING,WHEATON,WHISKED,WHISPERS,WARNINGLY,WHIRL,WHENCE,WICKS,WHITTLED,WANTS,WRITERS,WHARTON,WALWORTH,WINTERING,WRONGING,WOLVERTON,WINDSOR,WROTE,WATANABE,WIELDING
WAKEFIELD,WILLED,WRAPPINGS,WONDER,WIELDER,WILMETTE,WARFIELD,WHALEN,WHOOPING,WOODBURY,WEALTHIEST,WOODCHUCKS,WINOGRAD,WAKEN,WAFFLE,WAYNESBORO,WAGNERIZES,WALTZING,WARRIORS,WELLESLEY,WIDTH,WETTING,WARNS,WILLIAMSON,WEALTHIEST,WHATLEY,WEIGH,WEAKENED,WRETCHES,WANDERINGS,WRESTLINGS,WILEY,WINDED,WIRETAPPERS,WEED,WETTER,WAGNERIZE,WELLED,WIND,WATCHED,WATERHOUSE,WETLY,WASTE,WHALES,WREATH,WATER,WITHDRAWS,WILTING,WAITE,WAIT,WOVEN,WHIZZING,WEIBULL,WHISPERED,WIRETAPPERS,WEBSTER,WARDEN,WINNETKA,WAXED,WEAR,WATCHER,WESTMINSTER,WICHITA,WILKES,WANDERS,WOODCHUCK,WANG,WOOLS,WRIT
WILLIS,WIN,WEEP,WARNER,WEISENHEIMER,WATERPROOFING,WERE,WIDOWER,WOONSOCKET,WORTHS,WOLVES,WRINKLES,WAUSAU,WETTED,WANTING,WHITTAKER,WHITTAKER,WINES,WHEELINGS,WALKED,WHEELER,WHITTIER,WRIGGLES,WORTHLESSNESS,WHIZZING,WILHELM,WRANGLED,WENT,WISED,WARMERS,WHATLEY,WILLIAMSON,WRECKS,WARPED,WASTING,WHOLESOMENESS,WYOMING,WINES,WARRIOR,WALSH,WINTRY,WANT,WHOLENESS,WOTAN,WEAK,WILDNESS,WRING,WILHELM,WITHHOLDINGS,WOOD,WATCHWORD,WILMETTE,WEARY,WHITING,WIDESPREAD,WITHHOLDERS,WORDED,WHOLENESS,WORKABLY,WISE,WOODCOCK,WINDY,WITHDRAWS,WHITEN,WYATT,WEAK,WARRIORS,WORMS,WAFERS
WRESTLINGS,WINDMILL,WESTERNERS,WEAPON,WANDERINGS,WHITES,WOODWARDS,WAHL,WORCESTER,WRIGLEY,WHITELY,WEAN,WHISPERS,WINDSOR,WINNER,WHITCOMB,WHIZ,WREAK,WRENCHES,WAXES,WEDS,WOODCOCKS,WAITRESS,WARDENS,WRINKLES,WORSHIPS,WHACK,WALLOWS,WRANGLED,WHISPERINGS,WATERGATE,WHOLLY,WAGNERIZES,WILLCOX,WELLINGTON,WEDNESDAYS,WELMERS,WEEPING,WOULD,WATCHWORDS,WHATSOEVER,WHITEHORSE,WILES,WHITER,WHITEWASHED,WEDGES,WEARY,WATSON,WHISPERED,WHISPERS,WINGS,WHISPER,WETNESS,WILLOW,WAIVES,WHIPPER,WIER,WRANGLED,WORSHIPER,WHOLENESS,WHIPPING,WICHITA,WESLEY,WEALTH,WAGED,WALLET,WORKLOAD,WARRANTIES,WALCOTT
WICKER,WYLIE,WARRIOR,WILLIS,WHITENING,WATERY,WAFT,WILMETTE,WESTWARD,WINNIE,WILES,WINDMILLS,WARES,WAGERS,WREATH,WEAR,WILLIES,WISDOM,WOODBURY,WISH,WARNOCK,WEPT,WHITEHALL,WHIPPLE,WILDEST,WIELAND,WEARYING,WRANGLE,WAILING,WHIPPLE,WREN,WINTER,WARDENS,WHIRL,WINNERS,WASH,WILDLY,WORK,WIPER,WALSH,WEEPER,WRESTLE,WATTERSON,WORRIED,WEEDS,WOODARD,WHITTLING,WATSON,WONDERING,WORKMEN,WITHER,WARRED,WILMINGTON,WORKED,WARLIKE,WITHIN,WRITE,WRESTLE,WEARIED,WINTER,WARDEN,WATTENBERG,WHISPERED,WOODPECKER,WITHHOLDINGS,WHORLS,WARING,WINSTON,WIRING
WITHDRAWN,WINING,WERE,WEAVER,WARSHIP,WOOS,WEATHERING,WIDTH,WINDSOR,WARBLES,WHIMPER,WALDENSIAN,WHIRLING,WRECKED,WHIMPERED,WRATH,WISPS,WEARER,WILHELM,WONDER,WRONGLY,WINKED,WALTER,WATERMAN,WASHINGS,WARDER,WINDER,WHOLLY,WATERED,WARRANTIES,WIELDER,WISER,WHISKER,WHIPPLE,WAGONER,WAITING,WHOLENESS,WOMB,WANSLEY,WHIRLPOOL,WOOF,WIRETAPPERS,WITNESSING,WITTY,WIDOWER,WIDOWER,WHITCOMB,WRITES,WEDDING,WHISK,WHISPERED,WATCHES,WRONG,WITHHOLDING,WHINE,WINDY,WESTBROOK,WARN,WIELDED,WAGING,WHICHEVER,WHITENESS,WORDILY,WEB,WAKEUP,WIELDER,WHIRLWIND,WHOM,WATCHFULNESS
WHIZZING,WAKEUP,WHOLEHEARTED,WIPE,WORKED,WIRY,WEATHERED,WALFORD,WHITMANIZES,WHITMANIZE,WHAT,WARSHIPS,WHITE,WATERS,WOVE,WAVELAND,WARMING,WHEELS,WORKSPACE,WRETCHEDNESS,WHITAKER,WEEKS,WORLDLINESS,WAXER,WHALES,WEDGED,WHITLOCK,WATCHING,WASTEFULLY,WASHER,WILE,WAKE,WALGREEN,WILFRED,WRITERS,WARSHIP,WHITER,WHITELEY,WEARING,WATERFALL,WAALS,WEIGHTS,WALES,WOODCOCK,WIDOWED,WIRES,WIRINESS,WINTRY,WELCOMING,WINEHEAD,WRISTWATCHES,WINNETKA,WEIGHTY,WHILE,WREATHES,WORKHORSES,WEARYING,WORDED,WAPATO,WARDS,WHIPPANY,WRISTS,WRAPAROUND,WESTHAMPTON,WORTHWHILENESS,WILLIAMSON,WATCHFULLY,WORKSTATION,WREN
WESTMINSTER,WILDLY,WILMA,WOOL,WORKSPACE,WAITING,WITHOUT,WARDER,WEARILY,WORKSHOPS,WORKBOOKS,WALTER,WARDS,WILLCOX,WRIT,WHEELINGS,WHIRR,WINDOWS,WHAT,WATCHER,WORKHORSES,WASHINGS,WARS,WORE,WAVELENGTHS,WONDROUS,WEATHERCOCKS,WEEKEND,WORKABLY,WINDOWS,WHISPERED,WHENCE,WHORES,WEARY,WORKS,WISENHEIMER,WHIMSY,WONDERMENT,WATERS,WROUGHT,WATKINS,WARSHIP,WHELAN,WREAKS,WHORES,WREAKS,WILEY,WALTZING,WHIZZED,WRUNG,WASHED,WIGHTMAN,WAVEFORM,WEHR,WAPATO,WAIVING,WARPING,WILLY,WOMANHOOD,WARMTH,WEAVES,WATCHING,WAIT,WHITENESS,WEARY,WORRIES,WISHED,WOODED,WRENCHES
WAIVERABLE,WITHHELD,WAUNONA,WADER,WOVEN,WASTE,WARDROBES,WEDDED,WATCH,WORMING,WORKER,WAIVED,WALLER,WHITENS,WINCES,WINNETKA,WIDENED,WALDENSIAN,WRECKED,WIDENER,WATERWAYS,WINTHROP,WINNING,WHIMPERS,WHOLLY,WETTER,WORDY,WOMB,WORRYING,WARS,WOODED,WILFRED,WHIRLED,WINKED,WEAVES,WIRELESS,WITHDRAWN,WADES,WOOSTER,WRINKLES,WARPING,WAGONER,WOOF,WARNING,WINDOW,WIRING,WAXEN,WESTPORT,WESTHAMPTON,WOMANHOOD,WATER,WARN,WOODWORK,WYMAN,WATERHOUSE,WORKED,WEEKENDS,WHIMSIES,WILLCOX,WONDER,WHEELER,WOOLLY,WASHOE,WEARING,WERTHER,WISER,WAVEFRONT,WRISTWATCH,WENCHES
WEISSMAN,WILHELMINA,WEISSMULLER,WART,WORKING,WARY,WHALER,WINNIPEG,WRETCHES,WARRIORS,WERE,WHEATLAND,WESTFIELD,WAIVER,WISDOMS,WESLEYAN,WOODENNESS,WAIT,WREAKS,WHITESPACE,WOODLAWN,WELMERS,WISER,WELFARE,WHACKS,WAN,WEISSMAN,WEIRD,WHOLESOMENESS,WHOOPED,WIRES,WETNESS,WAIVED,WILDEST,WINNIE,WAGNER,WORKBOOKS,WRONGS,WRUNG,WEATHERFORD,WYANDOTTE,WAGES,WIDGET,WHITCOMB,WISHING,WARE,WITHDREW,WINDOWS,WHITENING,WAKES,WISDOM,WRETCHEDNESS,WITHAL,WALKS,WELLSVILLE,WATSON,WINING,WAFFLES,WAREHOUSES,WRIGGLE,WHIMS,WILLIE,WIDE,WETTEST,WINDOW,WAYNESBORO,WAGERS,WANDERED,WAVED
