QUICKEST,QUIVERS,QUOTED,QUAKERIZE,QUICKNESS,QUOTIENT,QUENCHING,QUANTIFY,QUINCE,QUIETS,QATAR,QUARANTINING,QUELLING,QUAGMIRES,QUICKENING,QUADRATICAL,QUANTITY,QUARRIES,QUOTATION,QUASAR,QUIETNESS
QUANTIFYING,QUARTERED,QUOTATION,QUANTIFIERS,QUAKED,QUOTE,QUADRATICAL,QUIZZICAL,QUESTS,QUITO,QUEUES,QUARTERMASTER,QUARTERLY,QUENCHES,QUADRATURES,QUINT,QUADRUPLES,QUORUM,QUOTATION,QUAKE,QUARRELING
QUADRILATERAL,QUOTH,QUANTIFY,QUACKED,QUESTIONNAIRE,QUIVERS,QUIETED,QUILL,QUARTERBACK,QUAKERIZE,QUARREL,QUANTILE,QUEERER,QUIVERING,QUELLING,QUESTED,QUEZON,QUAVER,QUIZZICAL,QUIETING,QUADRUPLED
QUARRY,QUALIFICATIONS,QUESTIONERS,QUERY,QUASI,QUASI,QUILTED,QUARANTINE,QUONSET,QUICKIE,QUESTIONED,QUALIFYING,QUINTET,QUALITATIVE,QUADRILATERAL,QUANTITATIVELY,QUIBBLE,QUASHING,QUIVERS,QUALM,QUIXOTISM
QUARTS,QUANTUM,QUELL,QUICKENED,QUICK,QUACKS,QUARK,QUENCHES,QUAHOG,QUAKERIZATIONS,QUESTED,QUADRATICALLY,QUARTILE,QUALIFY,QUARTET,QUANTITATIVELY,QUANDARIES,QUARTERLY,QUICKLY,QUICKLY,QUIETED
QUEENS,QUANTIZES,QUARTILE,QUARTER,QUADRANTS,QUALITIES,QUARTERING,QUINT,QUAVERS,QUIETS,QUINN,QUIXOTISM,QUARTERING,QUEEREST,QUITTER,QUESTIONING,QUIVER,QUIZZICAL,QUILT,QUIVERING,QUORUM
QUAFF,QUAIL,QUENCH,QUILTS,QUEZON,QUASAR,QUAHOG,QUARTERS,QUANTIZE,QUEUEING,QUOTA,QUENCHES,QUAKE,QUICHUA,QUALIFIED,QUADRANGULAR,QUADRILLION,QUESTIONER,QUOTAS,QUITE,QUANTILE
QUASI,QUASI,QUICKENING,QUIZ,QUANTITATIVELY,QUADRATICS,QUANTITATIVE,QUARRELED,QUESTS,QUADRILLION,QUIBBLE,QUALIFY,QUAINTLY,QUASHED,QUACKERY,QUARTERING,QUIXOTE,QUEUING,QUARTET,QUIETING,QUALIFIES
QUARRIES,QUESTION,QUIP,QUALIFIES,QUEENSLAND,QUARANTINING,QUAKERESS,QUAINTLY,QUART,QUART,QUANTITY,QUENCHED,QUEBEC,QUAD,QUADRATICAL,QUENCH,QUELL,QUIET,QUESTIONERS,QUANTIZES,QUANTIFICATION
QUEENLY,QUADRENNIAL,QUA,QUONSET,QUANTIFICATION,QUANTIFIED,QUARTZ,QUICKSAND,QUALIFIED,QUANTIZED,QUIET,QUADRATIC,QUIETUDE,QUADRENNIAL,QUAVERED,QUAKERIZE,QUADRILATERAL,QUORUM,QUAVERS,QUOTED,QUINTET
