JAVELINS,JENNIE,JOSEPHINE,JUST,JOURNALIZES,JEWELRY,JOBS,JACOBS,JOLTING,JIGSAW,JEWETT,JABBED,JACKPOT,JESUITIZED,JESTS,JONATHAN,JAWBONE,JUGOSLAVIA,JINGLING,JURE,JAVELIN,JABBED,JIFFY,JUSTICES,JOANNE,JUSTIFIER,JORDAN,JEFFREY,JESTED,JANUARY,JANSEN,JASON,JARS,JERKINESS,JUICES,JOUST,JAKE,JUBILEE,JUGGLES,JOSEF,JOURNALIZES,JEWETT,JUSTICE,JERRY,JOTTING,JUSTICE,JOULE,JOKES,JAYCEE,JULIUS,JUGGLERS
JON,JEANNIE,JUNIORS,JAYCEE,JAUNTS,JUNKERS,JUPITER,JAKE,JAVELIN,JUDGMENTS,JUNGIAN,JOSEPHINE,JAILS,JUSTICE,JAMESTOWN,JUMPERS,JURISDICTIONS,JAYCEES,JAPANESE,JEWELS,JOAN,JUMBLE,JELLO,JESSIE,JANOS,JOHANN,JEWISH,JOAN,JEAN,JESUITIZES,JESTING,JOINTS,JUDICIOUSLY,JAKE,JAMES,JUSTLY,JEOPARDIZING,JUANITA,JAILER,JEOPARDIZE,JAUNT,JEWISH,JUSTIFIABLY,JOAQUIN,JUNCTION,JOHNSTOWN,JACQUES,JOINS,JEFFERSON,JUMBLES,JAPANIZE
JESTER,JENNIFER,JOAQUIN,JUG,JAY,JACOB,JELLY,JONATHANIZATION,JEWELS,JINNY,JITTERBUG,JERKY,JEANNE,JERES,JAUNTS,JAPANIZATION,JUXTAPOSES,JIFFY,JONQUIL,JACKPOT,JOVIAL,JAUNTY,JACOBITE,JESSICA,JUMBO,JANITOR,JANEIRO,JUGGLERS,JOHANSEN,JUDDERING,JOSEPHUS,JESTED,JERKED,JETS,JOVE,JOANNA,JESSE,JUSTIFIABLE,JUDAS,JETTED,JUNKY,JOGGING,JESTED,JOURNALIZES,JIG,JUDGING,JUMP,JUSTIFIERS,JAVANESE,JUDGING,JEWISH
JOANNA,JACOBSEN,JOYFUL,JUNO,JUDGMENTS,JAUNT,JOLTING,JOKES,JARRED,JUTTING,JEOPARDIZE,JABBED,JOYS,JEOPARDY,JOHANSON,JUDGED,JUSTIFIABLE,JOUSTS,JOLLA,JORGE,JOINER,JEW,JEERS,JUSTIFIERS,JORGE,JOHNSTOWN,JUDGED,JUNCTIONS,JUICIEST,JUGOSLAVIA,JEWELRY,JULIES,JACOBY,JAILING,JUT,JUNKS,JUDGED,JANSENIST,JANUARIES,JEREMY,JOUSTS,JAILERS,JAW,JUNEAU,JAYCEE,JOSEPH,JOULE,JERSEY,JEOPARDIZING,JAKARTA,JOINT
JOHANNA,JAMESON,JANUARY,JASON,JACOBIAN,JACKKNIFE,JOVANOVICH,JUSTLY,JOYFUL,JUDEA,JERSEYS,JARRINGLY,JOINT,JOURNALISTS,JUBAL,JURISDICTIONS,JUSTIFIABLE,JUGGLERS,JEFF,JACKETS,JUDD,JACOBITE,JUGOSLAVIA,JARRED,JOHNSTOWN,JOHANNES,JAILS,JAPANIZATION,JANITOR,JOURNALISTS,JANICE,JESUITIZING,JOUSTS,JEWELLED,JETTING,JEOPARDIZING,JOHNSTOWN,JERES,JENNY,JEWELL,JINGLED,JUDGE,JACKING,JUKES,JARVIN,JOG,JASON,JORGENSEN,JUNG,JAB,JOUSTING
JIMMIE,JOLIET,JOURNALIZES,JOINING,JOULE,JUNIORS,JAZZY,JESUITIZES,JEREMIAH,JUNGIAN,JAMMED,JACKETS,JUDD,JED,JACOBITE,JOKING,JARRINGLY,JUSTIFIER,JONAS,JOVIAN,JABBED,JESTED,JEANNE,JONQUIL,JUVENILE,JUDO,JUGOSLAVIA,JESSE,JEWS,JESTER,JUSTNESS,JUDEA,JARRING,JOYS,JEWELRIES,JUSTIFIER,JEFFERSONIANS,JEFFERSON,JILL,JUSTICES,JOEL,JASON,JINNY,JAMESON,JOURNALIST,JEWELL,JAMS,JUSTIFIER,JAR,JEALOUS,JERKING
JUSTINIAN,JUBAL,JUNCTURES,JONATHANIZATIONS,JOHANNA,JUMP,JOCKEY,JACOBINIZE,JEEP,JOKED,JAWS,JACKET,JOURNALS,JOURNALIZES,JAILED,JURISDICTION,JOURNALIST,JOINED,JESTER,JAUNTS,JOSEPHINE,JOLTS,JAPAN,JAPANESE,JUSTIFYING,JACKPOT,JURAS,JAMMING,JAPAN,JUSTIFIED,JUNCTURE,JAY,JUSTIFICATIONS,JORDANIAN,JEWS,JEWELL,JESSICA,JELLYFISH,JOURNEYMEN,JOHN,JED,JUDEA,JOSIAH,JANSEN,JORGENSEN,JINGLED,JEANNE,JOKING,JOSTLED,JOCKSTRAP,JINNY
JUDAISM,JUKES,JOHNS,JENNIE,JAZZ,JERK,JOURNAL,JERSEY,JEWELRIES,JADE,JEW,JEW,JEREMIAH,JANSEN,JUMBLE,JUSTIFIERS,JORDAN,JORGENSEN,JERKING,JOIN,JUNGLE,JOSEF,JEWISHNESS,JUDGING,JANUS,JINGLING,JESUIT,JOURNEYED,JEANNIE,JUDEA,JUSTIFYING,JACKMAN,JERKING,JUNIPER,JURY,JARRINGLY,JANSEN,JUMPED,JAZZ,JERRY,JARVIN,JUXTAPOSING,JERSEYS,JOSHUA,JOKE,JAUNTS,JACOBINIZE,JOHANSEN,JASTROW,JITTER,JOGS
JOLT,JOINING,JEW,JAILING,JENNINGS,JOIN,JOYCE,JACKY,JIGS,JUSTINE,JUDDERED,JAILERS,JESSY,JUSTINE,JUNE,JUSTINIAN,JAUNTY,JOURNALISTS,JUGS,JUICE,JUDEA,JULIO,JUMBO,JIM,JAILERS,JUSTICES,JURY,JEFFERSONIANS,JUDGED,JAVELIN,JANOS,JEEPS,JANUS,JUICY,JABS,JULES,JORDAN,JUDICIARY,JARRING,JUSTICE,JOURNALIZES,JUSTINIAN,JUANITA,JULIAN,JUVENILES,JUDAISM,JERKS,JEST,JACOBUS,JUMBLES,JON
JUNIOR,JACKET,JANSENIST,JENNY,JUDY,JEANNE,JEWS,JAUNDICE,JITTERBUG,JUPITER,JEWELER,JARRED,JET,JABLONSKY,JUDO,JEWETT,JULIA,JOHANNA,JIMMIE,JONESES,JESSE,JERKS,JERRY,JOYOUSNESS,JOYFULLY,JARS,JUMBO,JODY,JACOBSEN,JUNKY,JABBING,JOLTS,JIMENEZ,JACOBI,JOSTLES,JADED,JAPANIZATIONS,JUDDERED,JORGENSEN,JEANNE,JOLTS,JOURNALIZING,JUDGES,JAWBONE,JOKERS,JAVELINS,JAVELINS,JANUS,JUNGLES,JET,JOURNALISM
