PARSONS,PARTIALLY,PLANTS,PROFUNDITY,PANELED,PLAYROOM,PLURALS,PHOSPHORIC,PARRY,PARAGUAYAN,PLURALITY,PUBLIC,PAYABLE,PERSONALIZES,PADDED,PUSS,PLANT,PLUNGER,PREOCCUPY,PROTECTIVELY,PERRY,PARLIAMENTS,PREACHER,PROVIDERS,PREOCCUPIED,PAGERS,PALMYRA,POLYALPHABETIC,PELVIS,PERIPHERAL,PREFERRED,PAPPAS,PLUG,PARTY,PITH,PHARMACIST,PROFILING,PISA,PARADIGMS,PERISHING
PROPITIOUS,PITHY,PITILESSLY,PROSTHETIC,PIGGYBACKS,PIOUSLY,PREJUDGED,PERMUTES,PACED,POEMS,PHIL,PHILISTINIZE,PUSHING,POLIO,POUT,PERJURY,PARAMETERIZED,PROSECUTED,POULTRY,POISON,PERSONIFYING,PARAMILITARY,PRAGMATISM,PROVES,POPULARIZE,PITTSBURGH,PINTS,PRATE,PLANED,PEPSI,PEEP,PERMUTES,PAGODA,POSTULATIONS,PHOTOSENSITIVE,PENETRATINGLY,PRONOUNCEMENT,PAID,POTBELLY,PELTING
PASTED,PROHIBITED,PRESUMPTIVE,PINNACLE,PERSEVERING,PAGODA,PLUGS,PROWLING,PATTERINGS,POUGHKEEPSIE,PISCES,PENINSULAS,PROUDLY,PROUDER,PLEXIGLAS,PIECEWISE,PROCLAMATION,PHOENICIA,PRIZERS,PRECEDENTS,PROMOTIONAL,PROWLER,POLICES,PHILOSOPHIZERS,PARABOLIC,PSYCHOSIS,POPULARLY,PRECIPITATENESS,PATHS,PURPLEST,PROJECTED,POINTLESS,PLAINEST,PANORAMIC,PLODDING,PASSOVER,PLEASANT,POWELL,PLASTIC,PASSE
PROFILES,PORTING,PERU,PROPHECIES,PORTRAY,PAGINATES,PURIFY,PILLS,PROPOSITIONS,POSITIONED,PROMOTING,PACIFICATION,POSTPONE,PRIMER,PARSLEY,PRATE,PROMULGATING,PASSIVATE,PION,PROPAGATED,PLAYERS,PRANCED,PHOTOGRAPHER,PITCHED,PRESIDENTS,PANS,PAYNIZES,PERMUTING,PROCRASTINATING,PREDETERMINE,POLAROID,POSIT,PORTICO,PRIMAL,PARITY,PARABOLA,PARASITES,PANNED,PATTY,POLITBURO
POISONOUS,POISONER,PSYCHOBIOLOGY,PLOWMAN,PICA,PERRY,PET,PREEMINENT,PINEAPPLES,PORK,PURPLE,PARTRIDGE,PLUMBING,POVERTY,PERFECTING,PREDILECTION,PORTMANTEAU,PROWESS,PHARMACIST,PLEASURES,PROBLEMS,PARK,PINION,PRESUMES,PLANETESIMAL,PRICED,PUNCHED,PROLIFIC,PRINCIPLE,PARAFFIN,PLEBISCITE,PERSISTS,PERIOD,PRECOCITY,PORTENDED,PREINITIALIZED,PARSI,PUCKER,PRIME,POSTS
PROLONGS,PRONUNCIATIONS,PREDILECTION,POISE,PARTICIPANTS,PONDERS,PRACTICE,PERSONAL,POURERS,PRODIGAL,PRESCRIPTION,PSYCHIATRY,POPISH,PEASE,PERVADING,PERSISTENTLY,PRUSSIAN,PERFORMS,PAULINIZES,POSTOPERATIVE,PEALED,POTTAWATOMIE,POISED,PRECONDITION,PLAYWRIGHTS,PROJECTORS,PAGANS,PROCRASTINATES,PERSECUTES,PARSONS,PINION,PITCHER,POLIO,PRECISENESS,PRESIDENT,POWER,PSYCHOLOGY,PETULANT,POSSIBILITY,PULLMAN
PROMPTED,PROTAGONIST,PUT,PLACING,PEROXIDE,PANAMANIAN,PROBATION,PROCEDURES,PLAINNESS,PECKING,PLAYOFF,PAUL,PROPHECY,PROGRAMMERS,PROFESSES,PLIABLE,PILLORY,PARTHENON,PAST,POTTAWATOMIE,PREPOSTEROUSLY,PERPETUATION,PERSUADING,PAYCHECK,POSSESSING,PUNCHER,POUCH,PRESIDENT,PATSIES,PROCESSOR,PLAINEST,POWERFULLY,PREFACING,PACKAGERS,PERSONIFYING,PATCHING,PRESUPPOSE,PRECINCT,PLATONISM,PERSONALITIES
PREDEFINITION,PENULTIMATE,PUMMEL,PONDER,PAUSE,PASTIME,POSTCONDITION,PLAINNESS,PERTURBATIONS,PARANOIAC,PONG,PACKERS,POLITENESS,PRELUDES,PATIENTS,PERSUADERS,POPPY,POSTDOCTORAL,PEASANTS,PREEMPTIVE,PEGBOARD,PROFIT,PROTECT,PACIFY,PORNOGRAPHIC,PROSTITUTE,PAROCHIAL,PONTIFIC,PARTS,PUTTERING,PLASTIC,PENETRABLE,PANACEAS,POSTAGE,PEEKING,PROMPTS,PEAKED,PRESENTED,PIGEONHOLE,PSYCHOSIS
PUREST,POURER,PATTERNING,PERIODIC,PORTERS,POTOMAC,PACES,PLIES,POLIO,PREEMINENCE,PISCATAWAY,PRECIPITATELY,POLARITY,PHOTOGRAPH,PURGE,PSEUDOFILES,PER,PATCHY,PARASOL,PLAINNESS,PROCYON,POISONS,PATIO,POPULARIZED,PERFUMING,PREVAILING,PATS,PERSONAGE,PIQUE,PERSIANIZES,PARAMILITARY,POTASSIUM,PRESSURIZE,PLANELOAD,POSITIVE,PLUNGERS,PINEAPPLES,PARKLAND,POSEIDON,PICAYUNE
PSEUDOPARALLELISM,PLACEMENTS,PLASTERED,PUBS,PARTICIPANT,PROSECUTION,PUTTERING,POSSESS,PREDEFINITION,PRESUMING,PANICKED,POUNCING,PORTALS,POSITING,PHILOSOPHIZES,PARISIANIZE,PROHIBITING,PLASTIC,PERFECTIONIST,PLAYTHINGS,PARINGS,PREALLOCATED,PENALIZING,PANDORA,PESTER,PHYSICIANS,PROMOTER,PHOSPHORIC,PREPARATIVE,PEUGEOT,PERFUMED,PERPETUATES,PRETENDED,PRECEDENT,PILLS,POET,PEPPERY,PENCIL,PEDANTRY,PSYCHOANALYTIC
