BRAY,BOHEMIA,BEST,BACKSLASHES,BURSITIS,BONDER,BERNARD,BATHROBE,BELLIGERENT,BARRENNESS,BEETLES,BERT,BURR,BACTERIAL,BLADES,BETWIXT,BEFOULS,BUSES,BARRELLING,BEQUEATHED,BOOKING,BOWLED,BADLANDS,BOSUN,BASTION,BARLOW,BOSWELL,BENELUX,BLUSTERS,BYPASSED,BOTTOMING,BESTS,BRASSTOWN,BESPOKE,BOB,BOSTONIANS,BENGAL,BRAINARD,BRAZIER,BLUNDERINGS,BANKRUPT,BRIEFEST,BELGRADE,BLACKMAN,BAREFOOT,BROOKMONT,BEGOT,BRIM,BOYS,BEVERLY,BUDGETARY,BLACKFEET,BLAST,BLEND,BACKLOG,BILINEAR,BRONCHITIS,BREVE,BORNE,BACKSCATTERED,BESSEL,BUCHAREST,BELATED,BOOKIES,BUFFALO,BEATIFIC,BACHELOR,BLACKEST,BIND,BEDDER,BLAMERS,BELLA,BRASHLY,BALKANIZE,BAYONETS,BOEOTIAN,BUSS,BRANDS,BEACHHEAD,BARNABAS,BONDS
BEAK,BREVITY,BONN,BLEMISH,BURGEONED,BAUER,BOOTLEG,BEDEVIL,BELAY,BATTLEMENTS,BAUDELAIRE,BROWSING,BEREFT,BABYLONIAN,BIG,BOUNTEOUS,BEATEN,BLUDGEONING,BEEP,BENEATH,BITTERNESS,BUNNIES,BREACHED,BERIBBONED,BEHEMOTHS,BANEFUL,BANTU,BEGS,BRETHREN,BOWDLERIZING,BESMIRCH,BUDDED,BRIBES,BRAKES,BULBS,BUSTER,BASICALLY,BACILLUS,BERIBERI,BUFFALO,BROKE,BRACELETS,BALANCE,BRUSQUELY,BRIGHTLY,BATTELLE,BLITZ,BRAINSTEMS,BRITONS,BLOATED,BETRAYER,BRIEFER,BEDPOST,BRUTALITY,BANTERING,BORROWERS,BANDING,BLOCKADING,BOLT,BIRDS,BOTCHERS,BAKES,BRAGG,BOUNDS,BOATSWAINS,BIOMEDICAL,BURNISH,BOOTLEGGING,BURDENSOME,BROWS,BITTERS,BASTARD,BEHIND,BEGINNINGS,BATTED,BLARING,BRIDGEHEAD,BURNISHED,BONDSMAN,BRIDGES,BABBAGE
BABOON,BUCHAREST,BENEFITED,BEFOG,BORG,BONNETED,BEHAVED,BOTTLENECKS,BOYHOOD,BRICKLAYERS,BIOGRAPHIC,BOOSTED,BLOODSTAIN,BLEATS,BANAL,BREWS,BEGRUDGED,BENIGN,BADMINTON,BOGGED,BUBBLED,BUREAUCRACIES,BESIDES,BOARDINGHOUSES,BERYL,BOSWELL,BOMBASTIC,BENZEDRINE,BECALMING,BROWSE,BAYPORT,BLESS,BEFOUL,BOBS,BACKDROP,BEWARE,BARNABAS,BILATERAL,BELIEVABLE,BILLOW,BANKED,BALLOONING,BOTANIST,BELIEVERS,BOUNCING,BUCKSKIN,BELONGED,BONFIRES,BENSON,BURTT,BLARED,BRUSH,BICYCLERS,BESET,BUZZER,BRIEFLY,BREADS,BEARDED,BAWLING,BOSWELLIZES,BRANDY,BASTARD,BAILEYS,BLANKLY,BOUNDING,BOUND,BINUCLEAR,BAPTISTRIES,BLEEDINGS,BOSWELL,BOUNDEN,BRUSHLIKE,BLACKMAILED,BRAND,BRIDEWELL,BRIGHT,BORDEN,BACKBONE,BRADLEY,BRAINWASH,BABYLONIAN
BEATABLE,BELOVED,BRACKETS,BLAMES,BOISTEROUS,BASEBOARD,BLONDS,BINGHAM,BUGEYED,BRICKLAYING,BROWNED,BENCH,BEVERAGES,BONNY,BACKSTITCHED,BUNGALOW,BLUEBONNETS,BENEATH,BERATED,BILLIKEN,BUNTING,BRILLIANT,BOVINES,BALKANIZATION,BREATHERS,BACKLOGGED,BOOKS,BUNKER,BEFRIENDING,BACKSLASH,BATCH,BERNE,BURGLARS,BATTLESHIPS,BET,BERLINERS,BRENNAN,BETRAYED,BOWL,BELIEVABLE,BUTTERMILK,BAYPORT,BERIBBONED,BUFF,BOTCH,BRANIFF,BRUISES,BEAN,BARBELLS,BROADWAY,BLESSINGS,BELOVED,BROADENED,BLAIR,BENIGN,BOTTLING,BISECTED,BILLOWS,BEAUTIFICATIONS,BELONG,BEEHIVES,BURMESE,BERNE,BUGGING,BURTT,BALE,BLINDFOLD,BURDENSOME,BAYS,BARIUM,BOARDINGHOUSE,BIOGRAPHERS,BALANCE,BURNS,BLUSH,BAKLAVA,BAGHDAD,BENELUX,BETSY,BUSSES,BOXTOPS
BLAMER,BEASTS,BAIL,BEFITS,BREWSTER,BALLROOMS,BOWDOIN,BAYOU,BODE,BAWDY,BELIES,BROCK,BEAUREGARD,BROMIDES,BONANZAS,BEAUTEOUS,BARRED,BUTTON,BLESSINGS,BLEACHES,BLOAT,BUFFER,BEFIT,BADEN,BULLDOGS,BALANCES,BUDGING,BRIMSTONE,BLINDS,BALER,BLATANTLY,BEACHES,BIRCH,BERLITZ,BEQUEATH,BAWLED,BURGLARIZES,BREVITY,BOWDOIN,BENJAMIN,BADE,BOTCHED,BEGOTTEN,BOATHOUSES,BEATNIK,BLACKLISTS,BLANKING,BREATH,BALSAM,BAKING,BRIDLE,BANDITS,BERSERK,BARNYARD,BARRELLING,BIOLOGISTS,BOATHOUSES,BROILERS,BOUNCER,BULLDOZE,BROKEN,BREACH,BASELESS,BOATMAN,BUEHRING,BACKSPACING,BEHOOVE,BRUNHILDE,BABYING,BANQUETS,BRANCHING,BUCK,BRAVENESS,BUTTRESSED,BEFORE,BRIEFING,BABES,BRANDISHES,BAIL,BEARABLE,BUNGLERS
BALE,BACKER,BALKANIZATION,BECALMED,BLOC,BLEMISH,BUDWEISERS,BURUNDI,BOOKKEEPER,BOASTING,BART,BASQUE,BAROMETRIC,BOWING,BERTIE,BOTH,BANDING,BELLWETHER,BUTTERNUT,BEGRUDGINGLY,BROWNIAN,BLUSTER,BOOKLETS,BILLIARD,BEFORE,BUMBLING,BASIC,BOYISH,BUGATTI,BOATMEN,BRIGHTLY,BRIEFCASES,BARNSTORMED,BUGGIES,BUTTERS,BOLDEST,BAPTIZES,BATTERIES,BECALM,BEHEST,BULGE,BUMPED,BUNGLED,BLUEFISH,BUTLERS,BACK,BUCKED,BACKBEND,BYRONIZES,BUSBOY,BRUSQUE,BIOSYNTHESIZE,BLEACHING,BASHED,BLOSSOM,BLURTED,BUTCHER,BLINDINGLY,BOSOM,BEWILDER,BIANCO,BLEACHED,BERATES,BASEBOARD,BRANDED,BITTERS,BEEHIVE,BASENESS,BRUISE,BILLOWS,BLOODY,BILABIAL,BOMBARDED,BANGUI,BIGGEST,BOTTOMS,BRIBER,BROMIDE,BOOLEANS,BROADER,BRUTES
BURNISH,BLASPHEMOUSNESS,BITER,BENDER,BLUSTERS,BOSSES,BEGGARS,BURL,BONE,BERLITZ,BYPRODUCT,BOWED,BREEZILY,BADGER,BEDROCK,BLOCKERS,BALI,BUDDIES,BUFFERS,BLUNDERING,BOHR,BLUBBER,BUSIED,BARBOUR,BEARINGS,BREATHLESS,BARD,BANISHMENT,BARB,BURPS,BROWBEATEN,BUCKLED,BASELINES,BUDS,BASKED,BOO,BROOKLINE,BAKELITE,BEEFING,BETTERS,BRONCHIOLES,BLISS,BYTE,BALMY,BITTERNUT,BYGONE,BREATHLESS,BLADES,BACKSTAIRS,BELIZE,BESSIE,BOTTLENECK,BOURGEOISIE,BRISTLE,BELAY,BURY,BLINK,BREASTS,BOWED,BENEFITS,BOWERS,BOUNCES,BADGER,BOWLS,BLACKSMITH,BOWSTRING,BEHIND,BARNUM,BEDSPRINGS,BASSINET,BLANCHARD,BARBAROUSLY,BELLY,BORDERING,BLOCKADES,BAFFLERS,BIENVILLE,BROKENNESS,BLUFFS,BRICK,BEGINS
BRIBERS,BANQUETS,BUREAUCRACY,BELONGING,BATTLESHIPS,BELOVED,BROADCASTING,BARBARIANS,BOARDINGHOUSE,BAY,BREWER,BURR,BASEBOARDS,BETTERING,BEGET,BASQUE,BLASPHEMOUSNESS,BURGLARY,BUMPER,BABBLE,BESPECTACLED,BRAVERY,BAMBERGER,BURNS,BRICK,BROOKMONT,BACKSLASHES,BASTES,BRITON,BARED,BOLDNESS,BANQUETING,BARREN,BILLIKENS,BOOB,BOXERS,BLISSFUL,BIGGEST,BUG,BOREAS,BEFOGGING,BUMBLING,BALCONY,BUTTRESSED,BRIDES,BLURB,BELIEF,BLIMPS,BACKLOGGED,BRAINWASHING,BALANCER,BUCKBOARDS,BEAMING,BLUMENTHAL,BORDEAUX,BREVETING,BUNGLE,BUSHWHACKS,BELL,BORATES,BAGELS,BEDDERS,BLASTER,BUTTRICK,BONNET,BERNET,BESS,BREWED,BORDERS,BRAINSTEM,BULLY,BUREAU,BOYCOTTS,BESPECTACLED,BIBLIOGRAPHIC,BRANDS,BROKERAGE,BARKING,BOMBER,BARFLY,BARITONES
BEGINNINGS,BREED,BLASPHEMOUS,BUSIED,BRAG,BACKORDER,BADGE,BIOGRAPHER,BLUEFISH,BERTHA,BLANKS,BUNGLING,BAREFOOTED,BUCHANAN,BUREAUCRATIC,BEQUEATHS,BUSTER,BATTLEMENTS,BRETONS,BULLDOZES,BRIDESMAIDS,BATES,BISMARK,BONNET,BRITISHLY,BAILEYS,BORROW,BEATNIK,BENNINGTON,BARKS,BIGHT,BERTRAM,BOUNDING,BEDSTEAD,BELLINGHAM,BUBBLED,BASHED,BIDDIES,BROADEN,BRITANNIC,BUILDUPS,BATTLESHIP,BLANKER,BERET,BRAINY,BRIDLES,BUTTERED,BIGNESS,BURGUNDIAN,BOWS,BIREFRINGENT,BABELIZE,BINARIES,BUILDS,BEHOLDING,BALSA,BRYN,BIRDBATHS,BELABORS,BID,BOMBER,BARRACKS,BIDDERS,BROOKHAVEN,BRIDGEHEADS,BRAKES,BROWNE,BABY,BEREAVEMENTS,BANTAM,BOOBOO,BLACKMAILS,BLUSTERED,BOTTOMLESS,BLOCK,BURY,BIOPHYSICAL,BUNCHES,BIGELOW,BARRED,BLACKBERRIES
BEREAVED,BETROTHED,BOULDER,BLOCKER,BAPTISTERY,BACKSTITCH,BLOCKED,BEAKER,BASEMAN,BLOSSOM,BOATSWAIN,BONN,BOURGEOISIE,BEADLES,BREAKTHROUGHES,BRIEFINGS,BROKENLY,BACKACHE,BELCHED,BESMIRCHES,BLACKBOARDS,BOLT,BRAWLER,BORDERINGS,BRUSHFIRES,BREAKWATER,BASHFUL,BANDAGES,BYPRODUCTS,BYLINE,BYWORD,BEHAVIORS,BLACKBIRDS,BLISTERS,BUNKMATE,BEES,BYGONE,BESEECH,BLEACHER,BUNDOORA,BLACKER,BICONVEX,BOOKISH,BRAVEST,BOYS,BEGGED,BITINGLY,BULLYING,BLUR,BLUESTOCKING,BRIBER,BUNCHING,BAUDELAIRE,BOWED,BLOODSTAIN,BREWING,BOY,BRICKLAYING,BOOMED,BANISHING,BRANDS,BYTE,BLEAK,BLURRING,BEARER,BURDENSOME,BECALM,BUBBLES,BLOUSE,BARTERS,BARLEY,BOOST,BRIDGETOWN,BRAVES,BANSHEE,BUSSED,BARTERS,BALDNESS,BLOATING,BOG,BOARDING
