TIGHT,TURF,THATS,THOUGH,TUMBLE,TURING,TOASTED,TELETYPES,TRANSPOSITION,THEIRS,TRICHINELLA,TERMINALS,TANK,THROTTLES,TAKERS,TRANSLATED,TRANSACTION,TORY,THEODOSIUS,TRESSES,TELEGRAPHED,TRANSISTORIZED,TATTER,TUMULTUOUS,TRILATERAL,TAMENESS,TENANTS,TUNIC,TACKING,TAG,TIGHTENER,TESTINGS,TCHAIKOVSKY,THROAT,TELEVISION,TONIGHT,TECHNOLOGICALLY,TAOS,TORN,TURBULENTLY,TRILLED,TORTURED,TERRITORIES,TABLEAUS,TALMUDIZATION
TIRES,TRAVERSING,TRIVIALITIES,TEMPLES,TRICKLES,TRUTHFULNESS,TOUCHABLE,TENEX,TURBULENT,TROPIC,TANTALIZING,TREASURING,TWITTER,TURNED,TIGRIS,TEXTRON,TILES,TELEVISED,THRIFT,TIER,THUNDERBOLT,TENORS,TRAPPED,TORUS,TELEGRAPHS,THOUGHTFULNESS,TRAVAIL,TREETOP,TIDINESS,TABLESPOONFUL,THRIVES,TOGGLES,TALLCHIEF,TROPICS,THANKSGIVING,TRANSIT,TABULATES,THEATERS,TRADITION,TUTORIAL,TREACHERY,THRACIAN,TUTORING,TRANSPORTERS,TOTALLY
THUNDER,TERRIFIES,TAXICAB,TALKERS,TRICERATOPS,TURNIPS,TEMPERS,TINKLES,TITHER,TROOPS,TERM,TRUMPETER,TEKTRONIX,TUTANKHAMUN,TUTANKHAMEN,THIRST,TOUGHEN,TOBAGO,TROJAN,TOURISTS,TIT,TWANG,TIRELESS,TARTLY,TRAGICALLY,TANNENBAUM,TONI,TROUTMAN,TOIL,TRACEABLE,TUTORIALS,TREATMENTS,THEOREMS,THIRTIETH,TIMBERS,TAP,TRAFFICKED,TWIGS,TECHNICAL,TRUES,TRANSITIVELY,TIMONIZES,TYRANT,TWINKLING,TAMED
TOWELS,TOTAL,TIMING,TAUTOLOGY,TREATED,TYPING,TOWELING,THESE,TERRACED,TORUS,TELEOLOGY,TASTELESSLY,TORYIZES,TRUER,TOKYO,TRUNCATES,TERMINATES,TERRITORIES,TWENTIES,TITLES,TARIFFS,TRANSPARENCY,TOLERABLY,THREADED,TORCHES,TRADERS,TENSING,TRUDGED,TALLEYRAND,TECHNICIAN,TRIANGLE,TRICKLED,THERMOSTAT,TREACHEROUSLY,THOMPSON,THIMBU,TIMELESS,TAINTED,THOSE,THRESHOLDS,TIMID,TRACTABILITY,TEASES,TICKED,TUDOR
TENDERLY,TERMWISE,TERMED,THIEVES,TIMON,TRACY,TRUISMS,TURKEY,TOWARDS,TALENTS,TAKERS,TEMPEST,TORTURING,TYPIFIED,TELEGRAPHED,TEARED,TIMESHARE,TROTSKY,TRANSMITTER,TITLES,TRANSPUTER,TELETEXT,TRANSFORMERS,TACKING,TRIGGERS,TENTACLES,TEASED,TRASH,TABULATIONS,THUNDERERS,TEMPERATENESS,TOUCHIER,TONED,TALLEYRAND,THROUGH,TUESDAYS,TIGHTENER,THEREABOUTS,TOSSED,TAIWANESE,TREMBLE,TRANSFERABLE,TOSSES,TRUSTS,TEMPLEMAN
TRUANT,TAXES,TOKEN,THROTTLES,TRANSIENCY,TIRESOMENESS,TRANSPIRING,TOPPLE,TEMPT,TYPICALLY,TRADEMARK,TAUT,THUNDERERS,TEETHE,TECHNICALITY,TRY,TELLS,TRANSMITTED,TUCK,TERMINATION,TEMPTED,TAUNTED,TRAITS,TINIEST,TALKING,TINGED,TASS,TAILORED,TRAIN,TERMINATIONS,TITAN,TIDALLY,THOR,TWINKLING,TRANSCENDING,TWINKLES,TUNIS,THUNDERER,TIJUANA,THEN,TANNER,TEMPORARY,TRANSITIVENESS,TREMENDOUS,TARTUFFE
TECHNIQUE,TOLERANCES,TILLERS,THULE,TASTEFULLY,TURNING,TERMS,TUCKER,TIDING,TREASURED,TAXES,TRILLED,TAILING,TURRETS,TRANSCENDED,TAXPAYERS,TOLERABLE,TOMMIE,TUNICS,TAYLORIZES,TRAVESTIES,TENS,THATS,TERRIER,TELLER,TANGENT,TREASURY,TREACHEROUS,TESTING,TOLERATE,TUSCALOOSA,TRANSFORMS,TOTALLY,TRICKLED,TRUNCATIONS,TACKLES,TRIGGER,TESTABILITY,THOUGH,TELEPHONING,TALLAHOOSA,TOTALS,TRANSFERRED,TARRY,TRACKED
TROPIC,THRIFT,TIMEOUTS,TREASURER,TERRORIZES,TESTIMONIES,TRADEMARK,TOOL,THUNDERBOLTS,TERRIFY,TURTLES,THEORIZE,TWIGS,TILED,THREESCORE,TOLD,TREETOPS,TAIWANESE,THINKABLY,TELETEXT,TOGETHERNESS,TAILING,TYRANNOSAURUS,TAP,TRACTARIANS,TRUDY,TOWERS,TRANSITIVE,TAYLORIZES,TRAMPED,TROLL,TAMELY,TENDERNESS,TRANSFER,TESTINGS,THERMAL,TAIPEI,TRAPS,TECHNOLOGICALLY,THEREUPON,TRIGONOMETRIC,THUMPING,TECHNOLOGISTS,TOPOGRAPHY,TOLERANT
TESTIMONIES,TANANARIVE,TABULATE,TREATING,THRASH,TERRITORY,TERRIERS,TEETH,TABULATION,TAME,TOY,TEACHING,THRASHER,TRANSFERRED,TRANSACT,TEAMS,TURBAN,TIMBER,TRANSISTOR,TRAVELING,THOUGHTFUL,TALKER,TRACER,TRAVELS,TORRANCE,TRANSCRIPTIONS,TWINS,TOWEL,TRANSPIRES,TOILER,TERRITORIES,TWENTIES,TRUSTWORTHINESS,TURKEYS,TRANSGRESSION,TWINKLES,TREASON,TAKING,TELEDYNE,TUNER,TINKER,THERAPISTS,TRANSLATOR,TEMPORALLY,TROUT
TRANSISTORIZE,TORIES,THRUSTER,TYPES,TALLNESS,TURNED,TIGHTENINGS,TURBANS,TATTER,TWIRLER,THERETO,TEMPLATE,TOBAGO,TERMINALS,TENS,TOWELS,TENEX,TUFT,TAURUS,TUNING,TRANSFORMATIONS,TROPHIES,TRANSPIRES,TALKED,TREACHEROUS,TAKES,TELLING,TEFLON,TIGER,TEXASES,TWENTIES,TRIER,TECHNICIANS,TAPER,TRANSIENT,TALENT,TOUGHEST,TROUBLING,TILLABLE,TRANSMISSION,TORUS,TAXONOMIC,TALMUDIZATION,TRIMMER,TRIGRAMS
