UNREAL,UNACCOUNTABLE,UNCONVINCED,UNFOLDS,UNCONTROLLED,UNINTELLIGIBLE,UNCONSCIONABLE,UNNERVING,UPROOTING,UNDERTAKES,UNDERSTANDABILITY,UNSAFELY,UNFAIRLY,UNCONVINCING,UNGRATEFULNESS,UNSOLVABLE,UNEVENNESS,UNSETTLING,UNSEEN,UPTURNS,UNDERWRITERS,UNCONSCIONABLE,USING,UNEXTENDED,UNIDIRECTIONALLY,UNDIVIDED,UPWARD,UNICORNS,URI,UPON,UNWISER,UNABLE,UNLEASHES,UPBRAID,UPRIGHTLY,UNJUST,UNDERFOOT,UNIONIZERS,UTOPIA,UNCAUGHT,UNROLL,UNPRIMED,UNROLLED,UNAESTHETICALLY,UNENDING,URCHIN,ULTRA,UNQUOTED,UNPLEASANTLY,UNITARIAN,UNBECOMING,UNPLEASANTNESS,UNDERESTIMATION,UNTIED,UNSUPPORTED,UNDERGROUND,UPHELD,UNTAGGED,UNIQUENESS,UNARMED,UNDAUNTEDLY,UNCERTAINLY,UNHAPPY,UNSURPRISINGLY,URGING,UNHEARD,ULTRASONIC,UNDERWEAR,UNHARMED,ULLMAN,URGE,UNCLEARED,UPTURNING,UNDERWATER,UNMANAGEABLY,UNCONNECTED,UNDERESTIMATE,UNDISTURBED,UNLINKING,UGLIEST,UNDERSTANDABILITY,UNSPEAKABLE,UNTHINKING,UNBROKEN,ULLMAN,UNDERFLOWS,UNWHOLESOME,UNDULY,UNIVERSITY,UNITING,UNCORRECTABLE,UNDERTAKE,UNWIND,UNCOVERS,UNMARKED,URUGUAY
UNAWARES,UNSIGNED,UNWINDING,UNSUITABLE,UNTRANSLATED,URSULA,UPSETS,ULTIMATELY,UNTOUCHED,UNPACKING,UNIVALVES,UNFAMILIARITY,UNQUALIFIED,UNDERESTIMATE,UNWITTINGLY,UNIDIRECTIONALLY,UNILLUMINATING,USED,USABLE,UPRIGHTLY,UNLOCKING,UNDECIDABLE,UNDIVIDED,UPHOLSTER,UNFAIRNESS,UNFITNESS,UNLINKING,UNIROYAL,UNTAGGED,UNEQUALLY,UNDERSTATED,UNICYCLE,UNIX,UNDERTAKERS,UNCERTAINTIES,UNDERTOOK,UNVEILED,URINE,UNKINDNESS,UNDERDONE,UTTERING,UNBROKEN,UNALTERED,UNSATISFACTORY,UNDERTAKEN,UNAUTHORIZED,UNWISEST,UNBOUND,UNFAMILIARITY,UNRAVELED,UNDERWRITERS,UNCONVINCING,UNRESOLVED,USABLY,URIS,UNIVERSALS,UNSEEN,UPLANDS,USABILITY,UNEQUIVOCALLY,UNIVAC,ULYSSES,UNDERLYING,UNCONTROLLABILITY,UNCLEAN,UNNECESSARILY,UNICORN,URN,UNIVAC,UNSTABLE,UNIFY,UNROLLING,UPLIFT,USED,USHERS,UNISOFT,UNRELATED,UNIFORMS,UNFAITHFULLY,UNCERTAIN,UNDERPINNINGS,URNS,UNIDIRECTIONALLY,UNBECOMING,URN,UNHEARD,UNISOFT,UNLEASH,UNNECESSARY,UNCOMFORTABLY,UNDERGO,UNJUSTIFIABLE,UNQUALIFIED,UNEXPECTEDLY,ULYSSES,UNFAMILIARLY
UNCLEARED,UNWELCOME,UNINTENTIONALLY,UNTOWARD,UNDERWENT,UNINTENDED,UNSTRUCTURED,UNWINDS,UNPOPULARITY,UNCONSCIOUS,USHER,UNIDIRECTIONALLY,URANUS,UNCOMFORTABLE,UNIFICATIONS,URGINGS,UNFRIENDLY,UNRAVELING,UNDERWENT,UNBIND,UTAH,UNARMED,UGANDA,UNBELIEVABLE,UNPARALLELED,UNPACK,UNREAL,UNTRIED,UNCORRECTABLE,UNDRESSED,UPSET,UNKNOWN,USING,UNTRUTHFULNESS,ULYSSES,UNCLES,UNSIGNED,UMPIRE,UNFAITHFULNESS,URDU,UNFOUNDED,UNCERTAIN,UNSURPRISINGLY,UNANALYZABLE,UNDERFLOWS,UPHOLSTERING,UNACCOUNTABLE,UNACKNOWLEDGED,UNTESTED,UNNECESSARY,UNASSAILABLE,UNKNOWINGLY,UNFRIENDLY,UNDERBRUSH,UNWOUND,URIS,USABLY,UNIX,UNPROFITABLE,UNOCCUPIED,UNDERGRADUATE,UNSTEADINESS,UTILIZATION,UNKNOWNS,UNITING,UNDERLINGS,USHERING,USURPED,UNRAVELED,UPON,UNABATED,UZI,UNCORRECTABLE,UNTRUE,UNDERESTIMATED,UNDERWENT,UNKNOWINGLY,UNENDING,UNHAPPINESS,ULTIMATELY,UMBRELLAS,UPRIGHT,URCHIN,UNIFORM,UNWILLINGLY,UNLIKE,UTTERS,UPDATED,UNDESIRABILITY,UNABBREVIATED,UNNERVING,USURP,UNDETECTABLE,UNIMAGINABLE,UNNERVING,UNDERLING
UNDERMINING,UPSET,UNWHOLESOME,UNPACK,UNLEASHED,UNENLIGHTENING,UNSELECTED,UNDERWAY,UTTERED,UNCONCERNEDLY,UNOPENED,UPDATES,USEFULNESS,UNOFFICIALLY,UNKNOWN,UNCOVERED,UNDERPLAYED,UNCONDITIONALLY,UNTRUTHFULNESS,URI,UNREAL,ULCERS,UNDERMINE,UNBLOCK,UNMATCHED,UNHAPPY,UPDATE,UNINTERESTINGLY,URGED,UNVEILS,UNNAMED,UTILIZATION,UNFLAGGING,UNCONVINCING,ULTRIX,UNHEEDED,UPHOLDER,UNIBUS,URSULA,UNHAPPIEST,UNDERLINED,UPTURNING,UNDERFOOT,UNIDENTIFIED,UNIFIED,UNIDIRECTIONAL,UNEASY,UNAWARE,UNOFFICIAL,UNDERWENT,UNAESTHETICALLY,UPHOLDERS,UTRECHT,UNDERFLOWING,UBIQUITOUS,UNIDIRECTIONALLY,UNTERMINATED,UNSETTLING,UNARMED,UTOPIANS,UTILIZING,UNMODIFIED,UNDESIRABLE,UNIFORMS,UNMATCHED,URBANA,UNDERESTIMATION,UGLIEST,UNPROTECTED,UNATTENDED,UNIQUE,UNEQUIVOCAL,UNWIELDINESS,UNKNOWNS,UNITS,UNCERTAIN,UNDERNEATH,UNOFFICIAL,UNDETECTABLE,UNWILLINGNESS,UNBELIEVABLE,UNUSUALLY,UNDRESSING,ULYSSES,UNFOLDS,UGLIEST,UNBOUNDED,UNHAPPINESS,UNWHOLESOME,UNDERESTIMATION,UNWILLINGNESS,UKRAINIANS,UNTRUTHFULNESS,UNSATISFIED,UNLINKED,UNAIDED
UNDERSTANDABLE,UNPREDICTABLY,UNAVAILABILITY,UNATTRACTIVE,USHERS,UNSELECTED,UNRECOGNIZED,UPROOTS,UNHAPPINESS,UNILLUMINATING,UNLIKELY,UNFAIR,UNINTERRUPTEDLY,UPHOLDER,UNPROVABLE,UNDERTAKES,UNAVAILABILITY,UNIFYING,UNDERESTIMATED,UNCONVINCED,UNFAITHFULLY,UNHAPPY,UNLAWFULLY,UNAMBIGUOUS,UNEQUIVOCALLY,UNABATED,UNDETECTABLE,UNDERMINE,UNIFICATION,UNFORGIVING,UNSUCCESSFULLY,UNLINKED,UNTRUE,UNITY,UNDERSCORES,UNBELIEVABLE,UNUSUAL,UNDERSTANDS,UNIFIERS,URGENT,UPHOLD,UNIONIZE,UNSTABLE,UNSPECIFIED,UNSLOTTED,UNTENABLE,UNIMPORTANT,UNCONDITIONALLY,UNVEILED,UPSET,UNFAIRNESS,UNDISCOVERED,UNDRESSED,UNITED,UNMASKED,UNJUSTIFIED,UNTO,UNWIELDINESS,UPGRADES,UTILIZING,UPDATES,UNWILLINGNESS,UPCOMING,UNKINDLY,UNSOLVED,UPLINK,UNESCO,USUALLY,UNAWARE,UNSETTLING,UNDERPINNINGS,UNACCUSTOMED,UNINTERPRETED,UNFOLD,UNCLEAN,UNIFORM,UPLIFT,UNHAPPIER,UNDERESTIMATING,UNPLEASANTLY,UNIMPLEMENTED,UNPLUG,UNIVERSALS,UNTRUE,UTTERANCE,UNSETTLED,UNSURE,UNKNOWINGLY,UTILIZING,USAGE,UNLABELLED,UNRESPONSIVE,UNTOUCHABLE,UNKINDLY,UNDERSTAND,UKRAINE
UNIPROCESSOR,ULCERS,UNDRESSED,UNPROVEN,USERS,UNCLEANNESS,UNIONIZED,UNFOUNDED,UNCOMPUTABLE,UPHELD,UNDERSTANDABILITY,UNCLEANNESS,USENIX,UNNOTICED,UNDERWRITER,USABLY,UNSHAKEN,UTTER,UNVARYING,UNROLLING,UNAVAILABLE,ULTRIX,UNENLIGHTENING,UNDERBRUSH,UNAVOIDABLE,UNREPRESENTABLE,UNDISCIPLINED,UNTOUCHED,UNPROTECTED,UNIONIZATION,UNCHANGEABLE,USENIX,USURPER,UNAWARE,UPGRADES,ULYSSES,UPGRADES,UGLY,UNDIRECTED,USERS,UNHEEDED,UNMERCIFUL,URINATES,URGINGS,UNAIDED,UNFORMATTED,UNCLAIMED,ULTRA,UMBRELLA,UNWISER,UNFAIRNESS,UPHOLD,UNDERTAKES,ULTRIX,UNLOADS,UNCONDITIONAL,UPHOLD,UNSATISFIABILITY,UNWILLING,UNJUSTIFIED,UTOPIA,UPHELD,UNFAIRLY,UNBLOCK,UNCONVENTIONALLY,UPHELD,UNLIKELY,UNVEILING,UNIFIER,UNRAVELS,UPHOLSTER,UPGRADING,URGE,UGANDA,UNIVALVES,UNFAITHFULLY,UNDERPLAYING,UTILITY,UNTIDINESS,UNWIELDINESS,UNDERDONE,UTTERANCES,UNFAITHFUL,UNLABELLED,UGLY,USEFUL,UNBUFFERED,UNWRAP,UNIX,UNMANAGEABLE,UNNERVING,UNDID,URINATE,ULAN,UNCONTROLLABILITY,ULTIMATELY
UNTIED,UNCERTAINTY,URN,ULSTER,UNDERESTIMATE,UNDERGROUND,UNDOUBTEDLY,URN,UNCONSCIOUS,UNDERSTANDINGS,URBANA,UNDERLINE,UNDERSCORES,ULTIMATELY,UNASSIGNED,UNINTERESTINGLY,UTILITIES,UNCLAIMED,UNLEASHED,ULCER,UNDECOMPOSABLE,UNITING,UNPROVABILITY,UTTERLY,UNDESIRABLE,UNLIKE,UNCERTAINTIES,UPHOLDS,UNTERMINATED,UNSIGNED,UNRESTRAINED,UNSENT,UNDAUNTED,UNKNOWN,UNSURE,UNINSULATED,UPHILL,UNIFIED,UNIFICATION,UNION,UNTREATED,UNRESTRICTED,URUGUAYANS,UPPER,UGLINESS,UNPLANNED,UNCAUGHT,UNDERPINNING,UNTENABLE,UNDEFINABILITY,UNDERFOOT,UNDAUNTED,UNOBTAINABLE,UNTRUE,ULLMAN,UNGUARDED,UNSLOTTED,UNJUSTIFIABLE,URINATE,UNFRIENDLINESS,UNACKNOWLEDGED,UPTURN,UPDATES,UNBROKEN,UNISOFT,UNGRATEFULLY,UNHAPPIEST,UNDERFLOWING,UNRAVELING,UNQUESTIONABLY,URUGUAYANS,UNSOPHISTICATED,UNBRIDLED,UNDO,UNAWARE,UNIFY,UNCLE,UNIDIRECTIONALLY,UNPROVABILITY,UNORDERED,USEFULNESS,UNROLLING,UNAFFECTEDLY,UNDERLING,UNCONTROLLABILITY,UNPRIMED,UNGUARDED,UPHOLSTER,UNOBTAINABLE,UNION,UNDECIDED,UNEQUIVOCALLY,UNDERTAKES,UNRAVEL,UNDERMINES,UNPACKED
UNSATISFIABILITY,UPDATER,UNDOING,UTILIZATION,UNWORTHY,UNIMAGINABLE,UNDERSTOOD,UNTRANSLATED,USHERING,UNAFFECTEDLY,UNROLL,UPSIDE,UNFOLDED,UNNECESSARY,UNGRATEFUL,UNEXPECTED,UNRAVELS,UNIPROCESSOR,UNRESTRAINED,UNTYING,UPRIGHT,UNIVERSALLY,UBIQUITOUSLY,UNANALYZABLE,UNWRITTEN,UNION,UTTERANCE,UNDERESTIMATION,UNDERTAKEN,UNMOVED,UPGRADE,UNACCEPTABLY,UNLINKING,USELESSNESS,UNCLAIMED,UNDERPLAYED,UNACHIEVABLE,UNWINDERS,USER,UNIVERSALS,UMPIRES,UMBRELLA,UNTIMELY,UNAESTHETICALLY,UNTYING,UNUSED,UNVEILING,UNWRAPS,UNWITTING,UNTRIED,UNNERVE,UNHARMED,UNDERESTIMATED,UNBRIDLED,UPROAR,UNDERSTATED,URBAN,USENET,UNCOORDINATED,UNEASILY,UPHOLDS,UNIVERSALITY,UNWITTING,UPHOLDER,UNITARIAN,UNCOVERS,UNLESS,UNKINDNESS,UNACCOUNTABLE,UNWILLING,UNIFICATIONS,UNAMBIGUOUS,UNDOUBTEDLY,UNDISTURBED,UNLOCKS,USE,UNJUST,UTOPIAN,UNMARKED,USHER,UNENDING,UNPLEASANTLY,USES,UNDENIABLY,UNVEILED,UNDERESTIMATE,UGLINESS,UNDERLINING,UNBLOCKED,UNGRAMMATICAL,UDALL,UNION,UNAUTHORIZED,UNRESTRICTEDLY,UTILITY,UTOPIAN
UNBROKEN,UNDERSTANDABLE,UNCONSCIONABLE,UNRAVELING,UNLEASH,UNCORRECTABLE,UNPARALLELED,UGLIER,UNWRAPPED,UNSEEN,USEFULNESS,UNMOVED,URDU,UNABBREVIATED,UNAESTHETICALLY,UNPACKING,UNEQUIVOCALLY,UNDERFLOWED,UPGRADE,UNDERGOES,UNRELATED,UNNATURALNESS,UNEMPLOYED,UNPRESERVED,UNWORTHY,UNITY,UNDERWRITING,ULCERS,UNSENT,UNDERSTOOD,UNIMPORTANT,UNWISER,UNIONIZERS,UNREPRESENTABLE,UNDRESSES,USHERED,UNPLEASANTLY,UNINSULATED,UNDID,UNEXPECTEDLY,UNDOCUMENTED,UNCOVER,UNCONSCIOUS,UNARY,UNPARSED,UNANALYZABLE,UTOPIANS,UNOFFICIALLY,UNDERBRUSH,USES,UNBRIDLED,UNRESOLVED,UNTAPPED,UNITE,UNLUCKY,UNJUSTIFIABLE,UNIFORMLY,UNPREDICTABLY,UNLIMITED,UZI,UNRESTRICTIVE,UPRISINGS,UNWINDERS,UNFOLDS,UNSHAKEN,UNWILLINGLY,USEFUL,UNDERLINES,UNIFORM,UNLEASHED,UNEXPECTED,UNTOUCHABLE,UTAH,UNIVERSE,UNSETTLED,UNBELIEVABLE,UNLIKE,UNACCUSTOMED,UNMISTAKABLE,UNFAIR,UNDERGRADUATES,UNNECESSARY,UNDISCIPLINED,URGE,UNCLE,UNSHAKEN,UNDERPINNING,UNCLES,UNIVERSALS,UNDERDONE,URBANA,UNCOMPROMISING,UNWHOLESOME,UNDERGOING,UNDERGO,UNDERWORLD
UNOFFICIAL,UTAH,UNREASONABLY,UNBRIDLED,UNCOMMITTED,UNNERVE,UNDERWRITE,UNMANNED,UNRESPONSIVE,UNOPENED,UPRISING,UNPLUG,UNEXPLAINED,UNRESTRAINED,UNITY,UNSAFELY,UNDERNEATH,UPHELD,UNWRAP,UNNECESSARILY,UNVARYING,UNITING,UNFORGIVING,UNENLIGHTENING,UNJUST,UNATTRACTIVELY,UNDERGROUND,UNDERESTIMATING,UNBIASED,URIS,UNEXPLAINED,UNINITIALIZED,UNIX,UNDERPLAYED,UPROOTED,UNBOUND,UNCHANGEABLE,UNANIMOUS,UNIMPLEMENTED,UNDIVIDED,UNACCEPTABLY,UNWITTINGLY,UNBELIEVABLE,UNCOVERS,UNESCO,UTOPIANIZE,UNICYCLE,UNTOLD,URQUHART,UNPRECEDENTED,UNDESIRABILITY,URGES,UNAWARE,UTMOST,UNIONIZE,UNLOCKING,UNDAMAGED,UTTERLY,UNBOUNDED,UNUSED,UPHILL,USER,UNSHARED,UNCANCELLED,UNDESIRABILITY,UNLEASH,UNBLOCKED,UNDULY,UNEQUALED,UNEQUAL,UNRELIABLE,UNMARKED,UNABBREVIATED,UNTOUCHABLE,UPRISING,UNIONIZES,UNEASILY,URGING,UNRECOGNIZED,ULAN,UNDERPLAYS,UNPREDICTABLY,URINATES,USABLE,UNDERWENT,UNSENT,URGES,UNEASY,UNAMBITIOUS,UPLINK,UNTIL,UNINTENTIONALLY,UNPOPULAR,UNIFIERS,UNCERTAINTIES,UNIQUE
