IMPERIALIST,INTENDED,IMMENSE,IMPROVES,INCAPABLE,INDUSTRIALIZED,INTERIORS,INCUBATING,INQUIRY,INQUIRER,IMPLICATING,INTERSPERSED,INEXPLICABLE,INTERFEROMETER,INHABITANT,IMPETUOUS,ISLET,IMMEDIACY,INSTINCTIVE,ISLANDS,INITIALIZER,INDUCE,INQUEST,INHERITOR,INTERSECT,INSTANTER,INEQUALITIES,INDEFINITENESS,IMPLANTS,IMPLICATES,INEFFECTIVELY,ICEBERG,IMPOSES,INCOMPATIBILITIES,IMPOSSIBILITIES,INTERMISSION,INTELLIGIBILITY,INTERROGATIONS,INDICT,INTRACTABLY,IMPORTANCE,INVESTING,INCANTATION,INDISTINGUISHABLE,IRRESPECTIVELY,IMPAIRS,IMPOLITE,INDIVIDUAL,IMPLANT,INTUITION,INDUSTRIALISTS,INTERCHANGE,INFESTS,INFLOW,INSCRIBES,INTROSPECTIONS,INCONTROVERTIBLY,INTIMIDATING,INSPIRED,ITCHING,INVOLVE,INGENUOUS,INHALER,INGENUOUS,INTERSPERSED,INADVISABLE,ITEMIZED,IMPOSSIBLE,INDUCTEE,INESSENTIAL,IMPOSSIBILITY,INSURERS,INFERIORS,INCREMENTER,INTENSIFIERS,INFERIOR,INSTRUCTIONS,INTEGRATED
IRREPRODUCIBILITY,IRRITATES,INADEQUATELY,INFIDELITY,INSTRUCTOR,ILONA,INTRACTABLY,IMBECILE,INEXPENSIVELY,INFLUENTIALLY,INTRANSIGENT,INKERS,INVITATIONS,INTERFACER,INDESCRIBABLE,INNINGS,INBOARD,INVESTING,INQUEST,INCUBATED,INSTITUTIONALIZED,IMAGINARY,INTERDEPENDENT,INTERIM,INDIVIDUAL,IDIOSYNCRATIC,INDUCTING,INVESTS,INCONSIDERATE,IBERIAN,IMPOSSIBILITY,IMPETUS,IMPART,INVITES,INTROSPECT,INDULGENCE,IMPRISONING,INFATUATE,ISIS,INQUISITIONS,INDICATING,INDEBTEDNESS,INLAID,IGNOMINIOUS,INSTRUCTS,ISRAELITIZES,IMPENETRABILITY,INTERPOLATION,INCENTIVES,INFUSED,INVOLUNTARY,INEFFECTIVELY,INTERCHANGEABLY,INTERPRET,INHERITRIX,INTERDEPENDENCE,INSTITUTIONALIZES,IGNITE,IBEX,IMPLANTING,INGEST,IMITATIONS,INFRINGES,IMPRACTICALLY,IMPLEMENTORS,IONICIZATION,INCREDULITY,INTERPRETERS,IRONY,INDECIPHERABLE,ILLUSTRATE,INSUBORDINATE,INTELLIGENT,INCANDESCENT,INSPIRING,INTERCOMMUNICATING,INDY,INEQUITABLE
INDELIBLE,ILLICIT,INEXPENSIVELY,IRANIANS,IMP,IRREPRODUCIBLE,INVERNESS,INCLUDE,ISLAMIZATIONS,IRRITANT,INTANGIBLES,IMPERIALIST,IMPROVES,INEFFICIENCIES,INTESTATE,INFIRM,INTERPRETERS,INSPIRES,INCLUSIVE,INFUSES,INHERITRIX,ITSELF,INFRINGING,INDIVIDUAL,ILLUMINATED,INEXACT,INTEGRATING,INJECT,IMPUTE,INFANTRY,INTERLACING,INTROSPECTIONS,ITHACAN,INSTITUTIONS,INDULGED,INTOXICATION,INSTALLING,INSIGNIFICANT,IMPOSSIBILITY,INTRODUCTORY,INFAMY,INDUSTRIALLY,INHUMAN,INTENDING,INHIBITED,INSTRUMENTALS,INANNA,INROADS,ILLNESSES,IGNORE,INTERPOSE,INCOMPATIBILITY,IMAGINES,IRRESISTIBLE,INTERPOLATIONS,ICING,ITALIANS,INVESTORS,ISSUANCE,IDENTICALLY,IMPLEMENTORS,INTERCONNECTED,INTER,ISOTOPE,IRAQI,INTERVIEWER,INFRINGING,INTERPOSE,IMPOLITE,INSTIGATES,ILLS,INSERTED,IMITATION,IGLOO,IMPERFECT,ITEMIZED,IDENTIFIABLY,INDEMNITY
INCOMING,INFINITUM,INTENSIFYING,INCLOSE,INSTANTIATION,INDIANS,INTERPOLATED,INTENTIONALLY,INTRASTATE,ICOSAHEDRON,INSINUATE,ISRAELITIZE,INSECT,INSTRUCTING,INFORMED,INCREMENT,INTERLACE,INVISIBLY,INHIBITIONS,INCLUSIVE,INVARIANT,IMPATIENCE,INFUSES,IMPRISONMENTS,INNINGS,IMPERFECTIONS,INFLEXIBILITY,INJECTS,INSPECT,INTERFERED,INNOCUOUS,IRISHMEN,INTERCHANGED,IMPURE,ITEMIZE,IMMOVABLE,INTENSIFIERS,IMPROVING,INTERNATIONALITY,INTERPOL,INCURSION,INACCURACY,INFRARED,INTERPRETABLE,INVEST,INVECTIVE,INTERPOLATING,INSTIGATING,INACTIVE,INSULIN,INTERESTED,INVASIONS,INSECURELY,INLAND,IMPERFECTLY,INIMITABLE,INVOKER,INDISCRETION,INSTANTANEOUSLY,IDLING,INLETS,INSTALLS,INTERESTED,IDENTITY,IMPLIES,INCONSIDERATENESS,INSUPPORTABLE,INJURIES,INTELLIGENTLY,INTEND,ISRAELITIZE,INSULAR,INTERPOLATING,INSENSITIVELY,IMPERMANENT,IMPOSTOR,IMITATES,INTRAMUSCULAR
INITIATIONS,INFUSING,INDIGENOUSLY,INSTITUTIONALIZED,INTERRELATES,INVENTIVELY,INCLUDED,INSTANTS,IMPEDE,ISAAC,INFERIOR,INADEQUATE,INCONGRUOUS,INWARDS,IMPUDENTLY,IMPRESSIONISTIC,INTERACTION,IDEALISTIC,INVOKES,INTUBATES,INEVITABILITIES,INVESTS,ISLANDERS,IRVING,ITALICIZE,INHERITS,INDENTURE,INDICATED,INVOICED,INDEFATIGABLE,INDIANAPOLIS,INTERRELATE,IRKSOME,INTRUSION,IGNORANCE,IMITATED,INDIGO,INFRINGED,INSURERS,INVARIABLY,IRANIZES,IMPOLITE,IRREFLEXIVE,INDICATED,ISAAC,INERTNESS,ILLUSTRATIVELY,INFUSE,INDEXES,INTERCONNECTING,INTERLEAVED,INTERNATIONAL,INGENUOUS,INCENDIARY,INLAID,INTUITION,INTERCHANGED,INFIDEL,INFANTRYMEN,INSTITUTE,INEXPENSIVELY,INTERDEPENDENCY,INCLINES,INDUSTRIAL,INTERFERES,INFLUENCING,IRONS,INFLICT,INFECTS,INTELLECTUAL,INNS,INVERTER,INTEGRATING,INTENSITIES,INSOLENTLY,INKERS,IDEAL,IMAGINARY
IMPENETRABILITY,IMMATURE,INTIMATIONS,ISABEL,IMPROVES,IFNI,IMPROPER,INTIMATE,INDULGED,INCONCEIVABLE,INFECTIOUS,INCIPIENT,ITALIANIZATIONS,IMAGING,INDUCTION,IMPRISONED,IDEOLOGICALLY,INVALIDATE,IRATENESS,IMPRESSING,INQUISITION,INADVERTENTLY,INCLUDED,INTERPOL,IMPLANTING,INCREMENTS,IMPRESS,INTERMINGLES,INDUCTED,INDICATED,INVADE,INFERENCES,INSPIRED,INEFFICIENCIES,INDISTINCT,INTELLIGENT,INCORRECTNESS,INDISCRIMINATELY,IDEOLOGY,INDEMNITY,INTRAVENOUS,INGESTION,INADEQUACY,INSTANTIATIONS,IONICIZATION,ISING,IRRIGATED,INDETERMINACIES,INSTALLATION,INCLUDING,IMBECILE,INTERRUPT,ILONA,INDIVIDUALITY,INVENTIVELY,INDUSTRIALS,INCLUDE,INDICTMENTS,INDIVISIBLE,INSTABILITY,INTELLIGENTLY,INEXORABLE,ISAAC,INROADS,INVESTMENT,INEVITABILITIES,IRREPRODUCIBILITY,INMATES,INSTRUMENTAL,INFARCT,INCISIVE,ILYUSHIN,INCAPACITATE,IMPOTENCE,INDIVIDUALS,INGENUITY,INVOLVEMENT,INSCRUTABLE
IMPLORE,INVOCATION,IDENTIFIERS,IRE,IMMOVABILITY,INVERTED,INTELLIGIBLE,INFERTILE,INDIGENOUSNESS,INFESTED,INDULGING,INTERRUPTION,INDUCE,INSINUATE,IMPERSONATIONS,IONICIZATION,INTERRELATE,INVESTED,INVOKES,INDUCTORS,INCREDIBLY,ITEMIZATION,INGENUITY,IMPAIRS,INTERLEAVE,IMPERFECTION,INTERIORS,IMPARTIALLY,IGNORANCE,INCENSE,IGNORANTLY,INFRINGEMENTS,IDEMPOTENT,INHOMOGENEITY,INSTALLERS,ISLET,INTELLIGENT,IMPETUOUSLY,INDUBITABLE,IRRESPECTIVELY,ILLUSTRATOR,IMPRESSER,INSPIRING,INHERITRIX,IRKING,INADEQUATELY,INSTEAD,INTERIOR,INCENSE,INSTANTS,INDIA,INEVITABILITY,IRRECOVERABLE,INFECTING,INFLAMMATION,IMPRESSIONISTIC,INVERTERS,INTERNSHIP,INFLATES,INTRUST,INCORRECTNESS,INVALIDATED,INTROVERTED,INSUFFERABLE,INTENSIFYING,INTERMINABLE,IMPERIAL,ICES,INITIATING,INTERDEPENDENCIES,ICONOCLAST,INVESTIGATED,IBN,INTUBATES,IRELAND,INVOCABLE,INITIATOR,INFANTRYMEN
INTERVENES,INTERPROCESS,INSTRUMENTALISTS,IMPERTINENT,INVALIDATIONS,INSPIRATION,IMPERMANENCE,INDELIBLE,IRRESPONSIBLY,INQUISITIVE,IMPRESSIONIST,INDISPENSABLE,INSOLVABLE,INSIST,ITCH,INSPIRE,INSTALLATIONS,INESTIMABLE,INTERRUPTS,INTELLECT,IDIOM,INDUSTRIALS,INSTRUMENTATION,IMBALANCES,INSPECTION,INDUCTORS,IRRIGATION,IMPOSSIBILITY,INSUPERABLE,IMPLORE,INSECURE,ITHACAN,INFORMALITY,IMPOSITIONS,INDISTINCT,ITEMIZE,ISSUER,IRWIN,INFORMATION,INDUCING,INOPERABLE,INFAMOUS,INOPERABLE,INFERNAL,IMPRACTICABLE,IRKSOME,INCOMPREHENSION,IRK,IDLEST,INTRANSITIVE,IMPASSIVE,INFAMOUS,INTERESTING,INSECURELY,IMPRESSIONIST,ISOLATIONS,INFRINGES,INACCURACY,INTERCONNECTS,INDUCE,INDUSTRIALLY,INITIATIVE,IDEALIZATIONS,IMMOVABLE,IMMINENTLY,INVOICED,INWARDS,INGENUOUS,INVINCIBLE,IMPLACABLE,INFREQUENT,IMPLEMENTATION,IMPOTENCE,INGERSOLL,IRAQIS,INDETERMINACY,ISRAELITIZES,ISIS
INSTABILITIES,INDUCTION,INESCAPABLY,INSULATOR,INTEREST,INSIGNIFICANT,INDIGENOUSLY,INDOCTRINATES,IMPLICIT,INCURSION,INTERPOSING,ILLUMINATES,IMPROVISERS,INDIFFERENT,INVITES,IMPERMEABLE,IMPRESSED,ILLUSORY,IMPRISONMENT,INHIBITION,INCOMPETENTS,IMPLICITNESS,INQUISITIVELY,IRRIGATING,ILLUSTRIOUS,IRRIGATES,INTERACTIVITY,INTUITIONS,IMPOSITION,INASMUCH,IMMACULATE,INCEPTION,IRREPLACEABLE,INDUCTANCES,INFRINGES,INMATES,INHABITS,INCENSE,INCENDIARIES,INFESTS,IMPARTIAL,INCEST,INTERNED,INTOLERABLY,ITEMIZE,INTERMISSION,INOCULATE,INTESTINES,IMPRESSING,INSANELY,INDOCTRINATING,INDUCER,INFREQUENT,INDEXING,INCONSIDERATENESS,INTERCEPT,INJUSTICES,IONOSPHERE,IRRECONCILABLE,INVOLVING,INKLING,INVADERS,INJECTION,INSCRIBED,IMPLIED,IONIAN,INTERRUPTIONS,INTERSPERSES,IMPERCEPTIBLE,INFIX,INVERTEBRATES,INSOLVABLE,INTELLIGENTSIA,INSTANTIATION,IMPREGNATE,INWARD,IDEAL,IMPASSE
INTENDING,IDIOCY,INTRACTABLE,INVOICES,INCLUSION,INDEPENDENTLY,ISRAEL,INTENSIFY,INTERFERING,ISSUE,IRRESPECTIVE,ILLINOIS,INDENTATION,INTERFEROMETRIC,INFRARED,INKERS,INTERPLAY,INDOORS,IMPEACHMENT,INDUCTORS,INFORMS,IOTA,INTERVIEWER,INDEFINITENESS,ITALICS,INGENUITY,INTERDATA,IRRADIATE,INAPPROACHABLE,IMAGINABLE,INFILTRATE,INSIGNIFICANT,INVOLUNTARY,IMPLICATING,IRREGULARS,INDIES,INDOOR,ISTHMUS,INSIGNIFICANT,IMPROVISE,INVOICES,INTERSPERSED,INNING,INSULTING,INSTALLATION,IMPRECISELY,INCREDIBLE,INDOORS,IDENTIFIABLE,INSIDER,INVISIBLY,INVESTIGATED,INHERENT,INSPECTOR,INSTRUCTIONAL,IMPERATIVE,IBID,INSPECTIONS,INDISCRIMINATELY,INDECISION,INDIRECTIONS,INVOKING,IMAGINATIVE,INVOICED,INKS,INCONGRUOUS,IMAGINATIVELY,ISOMORPHISMS,ILLUSTRATIVE,INSET,INITIATORS,INSTRUCTIVE,INJURES,INQUIRIES,INSOLENTLY,INTRICACY,INEFFICIENTLY,IMPARTIALLY
