YARDS,YOKOHAMA,YEARNED,YELLOWEST,YUGOSLAVIA,YOUTHFUL,YARDSTICKS,YOUNGSTERS,YELLOWNESS,YEAST,YELLOWEST,YOURSELVES,YUGOSLAV,YOUNGLY,YORKERS,YEARLY,YEOMEN,YARDSTICK,YESTERDAY,YAOUNDE,YOKNAPATAWPHA,YALIES,YAWNER,YURI,YOU,YUGOSLAVIA,YANKED,YELPS,YIELDS,YUGOSLAVIAN,YEASTS,YEARN,YIELDS,YEARN,YORKERS,YAWNER,YUH,YOKNAPATAWPHA,YEARN
YARMOUTH,YOUNGER,YELLOWEST,YEARLY,YANK,YONDER,YARN,YALTA,YALE,YANKS,YOUNGSTER,YUBA,YEAR,YEATS,YEARN,YOKES,YELLOWNESS,YARD,YOSEMITE,YEARLY,YELLOWED,YELLOWS,YAWN,YOKNAPATAWPHA,YARDS,YORK,YAUNDE,YELPED,YARD,YORKER,YPSILANTI,YVETTE,YORKSHIRE,YUKI,YANKEES,YEATS,YALTA,YELLED,YANKS
YOUNGEST,YARMOUTH,YIELDING,YANKS,YAWN,YELLER,YAOUNDE,YAOUNDE,YEATS,YORKER,YALIES,YEATS,YEARNING,YORKSHIRE,YAQUI,YELLOWS,YES,YORKER,YELL,YUGOSLAV,YORKSHIRE,YUGOSLAV,YARNS,YIELD,YON,YOUTH,YOUR,YARMOUTH,YANKEE,YAWNER,YOUNGSTER,YANKEE,YUGOSLAVIA,YESTERDAYS,YORKSHIRE,YOUNGER,YOKUTS,YEATS,YAWNING
YARNS,YUGOSLAVIA,YARMOUTH,YOKES,YODER,YIELDING,YAOUNDE,YONKERS,YOUTHFULNESS,YOUNGSTOWN,YARNS,YUCATAN,YELLOWS,YAUNDE,YAGI,YELLING,YARDSTICK,YORICK,YEARNED,YEOMAN,YEARN,YANKED,YOST,YENTL,YVETTE,YOUTHES,YARDSTICK,YELL,YESTERDAYS,YAWN,YANKING,YAMAHA,YORKERS,YPSILANTI,YUH,YEA,YEA,YUGOSLAVIA,YELLOWNESS
YANKS,YORICK,YAUNDE,YESTERDAY,YATES,YORKTOWN,YOUTHFULLY,YORK,YANK,YARDS,YEARN,YARNS,YORKER,YAOUNDE,YORKTOWN,YOKUTS,YOKNAPATAWPHA,YELLOW,YUKI,YUGOSLAVIAN,YUGOSLAVIANS,YVES,YET,YORICK,YANKS,YON,YORICK,YELLOWS,YAGI,YANKTON,YOUNGER,YEATS,YIELDED,YENTL,YEAGER,YERKES,YUGOSLAVIAN,YEAR,YUKI
YOUTHES,YOKES,YANK,YEARNING,YOUTHES,YELLOWKNIFE,YOST,YORKERS,YORKERS,YELLOWED,YAGI,YEAGER,YELLING,YPSILANTI,YEOMAN,YANKED,YATES,YOURSELVES,YUBA,YAWNING,YURI,YELL,YVES,YAWNING,YUBA,YELLOWNESS,YIDDISH,YELLOWS,YEAS,YATES,YELLOWSTONE,YOST,YOST,YAWNING,YUKI,YELLOWS,YEARNED,YOKNAPATAWPHA,YAWNER
YEARNINGS,YOUNGER,YARDS,YATES,YOKOHAMA,YIELD,YIELDING,YAUNDE,YARD,YANKED,YAUNDE,YANKTON,YENTL,YVES,YOUTHFULNESS,YIELDED,YUH,YUGOSLAVIANS,YUKON,YEARN,YUBA,YATES,YELLOWKNIFE,YALE,YOKES,YAQUI,YOKUTS,YANKING,YELL,YOUNGER,YELP,YORK,YARN,YANKS,YELLED,YIELDED,YOURS,YALIES,YEA
YEAS,YOU,YELLOWED,YARDSTICK,YELPS,YOUTHES,YEATS,YEOMEN,YOURSELVES,YOUNGLY,YARDS,YALTA,YUGOSLAVIAN,YARNS,YES,YIELDED,YOKNAPATAWPHA,YESTERDAY,YELPS,YEAST,YEASTS,YANK,YELLED,YELLOWISH,YONKERS,YIELDED,YIDDISH,YOUNGER,YARMOUTH,YALTA,YALE,YELL,YUGOSLAVIAN,YEAST,YOUTHFULLY,YORKER,YELLING,YONDER,YUKI
YOURSELF,YEARS,YEAST,YOKES,YANKING,YOURSELVES,YOKOHAMA,YOKUTS,YELLOWEST,YARMOUTH,YONKERS,YET,YPSILANTI,YEAST,YEAGER,YIDDISH,YVES,YEA,YELLOWISH,YANKING,YANKED,YOURSELF,YEATS,YELLED,YAOUNDE,YOUR,YIELD,YOKES,YATES,YIDDISH,YEA,YIELD,YOURSELVES,YERKES,YELLER,YUH,YARN,YOUTHFUL,YON
YOUTHFULNESS,YONKERS,YELLOWING,YOUTHFULNESS,YONDER,YEARS,YELLOWKNIFE,YEAR,YELLOWKNIFE,YORK,YUH,YELLOWS,YEAGER,YOUNG,YELLOWING,YIDDISH,YARDSTICKS,YELPS,YELLOWER,YEMEN,YAWNER,YANKS,YUGOSLAVIAN,YOURSELF,YEATS,YOUTH,YELL,YEARNED,YAQUI,YOUTHFULNESS,YOSEMITE,YANKEE,YIELDING,YUKI,YUGOSLAVIA,YUCATAN,YELL,YONKERS,YOUNG
