VILE,VERSATILITY,VIGILANTE,VENTURING,VAPOR,VAGINA,VICTIM,VARIAN,VERTICAL,VILLAIN,VANCOUVER,VIRGO,VEXES,VOCATIONAL,VALLEYS,VIRGIL,VEGETARIANS,VARIETY,VENERABLE,VOWING,VALIDATION,VASES,VINDICTIVE,VIBRATE,VITO,VALIDATING,VEILED,VENTILATION,VISIGOTHS,VALIDATING,VOIDING,VERSING,VOSS,VACANCIES,VOTES,VICES,VETERAN,VERIFIABILITY,VOYAGING,VALIDATE,VETOES,VEGANISM,VEILING,VENISON,VERMONT,VELASQUEZ,VIGOROUSLY,VOLSTEAD,VOUCHING,VATICANIZES,VANISHED,VANISHED,VOLITION,VIENNA,VOYAGE,VINDICTIVE,VOLUNTEERING,VOUCHER,VERBOSE,VECTORIZATION,VEERS,VILLAGERS,VISITING,VOLCANOS,VELVET,VIKINGS,VERBOSE,VOIDS,VANITY,VOUCHERS,VOYAGING,VETERINARIANS,VOW,VOLATILITY,VANQUISH,VOLLEY,VICTIMIZING,VERTICES,VERN
VECTORS,VINDICATED,VISITED,VIE,VEER,VALPARAISO,VIOLINIST,VECTORIZATION,VALIANTLY,VALUE,VIRTUOUS,VALLETTA,VENOM,VIKRAM,VANISHING,VACATIONS,VULTURES,VECTORIZATION,VIOLINIST,VEGAS,VARIABLENESS,VEERS,VISITOR,VANDENBERG,VIEWED,VIOLINIST,VACANT,VIOLATION,VILLA,VOICER,VALPARAISO,VOYAGE,VARNISH,VISTA,VICE,VERIFIABILITY,VAMPIRE,VERMIN,VERGER,VANE,VOLITION,VALVES,VICTUAL,VERNA,VERTEX,VETERAN,VIOLATING,VOWED,VIGOR,VALUING,VISIBLE,VANDENBERG,VAULTER,VELA,VOYAGER,VINEGAR,VERN,VIGOROUS,VORTEX,VISTAS,VOLVO,VASTLY,VASES,VOLUNTEER,VARIABILITY,VAGARY,VALUES,VILE,VOYAGES,VERACITY,VALIDNESS,VIOLET,VINTAGE,VINCE,VIEWERS,VENTRICLES,VENTURES,VALENTINES,VETOER
VISITOR,VASTLY,VICIOUS,VILLAGER,VENTILATING,VIRTUOSOS,VICTORS,VERACITY,VENUSIAN,VINDICTIVE,VENETO,VOCATION,VOYAGING,VOICES,VANCOUVER,VILLAGERS,VINEYARD,VOCAL,VOGUE,VIVIDLY,VENTILATES,VASE,VARIATION,VEGETATING,VALUED,VERIFICATIONS,VISTA,VAINLY,VISORS,VOCALS,VEXING,VETERAN,VISIONS,VANGUARD,VACATING,VIRGINS,VISUAL,VIRGINIANS,VAPORING,VINEYARD,VERBALIZE,VIRULENT,VILLAGERS,VIEWABLE,VARIES,VILIFICATIONS,VISOR,VERIFIER,VICISSITUDE,VOLSTEAD,VOLITION,VARIANCES,VOID,VOWS,VISTAS,VERBS,VAGABOND,VOUCH,VIEWED,VALIANT,VICTIMIZER,VARIABLE,VERSES,VENTRICLES,VICTOR,VANDALIZES,VAPOR,VISUAL,VALUATION,VIDAL,VEILS,VIAL,VISCOUNTS,VOLTAGE,VORTEX,VICTUALS,VERIFIABLE,VACUUM,VERNA
VARIETIES,VIVID,VOMITED,VERBALIZED,VIBRATIONS,VOLATILE,VANISHING,VOLSTEAD,VICKSBURG,VICTUALER,VACANCY,VILIFICATION,VOLUNTARILY,VAULTED,VILLAGERS,VENOM,VOUGHT,VIRUSES,VENERATION,VILIFY,VERTICES,VARIOUS,VESTIGES,VERSATILE,VIOLATORS,VILLAGER,VARIABLY,VIVIDLY,VARNISH,VAUDOIS,VIRTUOSOS,VOCAL,VANITIES,VALIDATION,VOUCHES,VISHNU,VOYAGED,VIC,VAUGHN,VICTIMIZES,VIEWS,VINCE,VIRTUOSOS,VENTURINGS,VOUCHING,VENTURINGS,VOYAGING,VALES,VIEWING,VENOMOUSLY,VIKRAM,VIOLENCE,VISCOUS,VASTLY,VALUATIONS,VOCALLY,VOUCHERS,VACATE,VINDICTIVE,VAULTING,VITAE,VICTIMS,VELOCITIES,VOIDING,VERTEBRATES,VETERANS,VOLCANIC,VANQUISHING,VISITATION,VULNERABILITY,VISUALIZE,VOLUNTEER,VARIABLES,VALENTINES,VISCOUNT,VOMITED,VERNON,VEXED,VANQUISH
VEXES,VULNERABILITIES,VALIDLY,VARIANCES,VOTERS,VEIN,VAPORS,VATICANIZATION,VALIANTLY,VIOLENTLY,VOLLEYBALL,VARIANTLY,VALUABLE,VENOMOUS,VIOLINS,VICTUALS,VERNA,VANISHINGLY,VENUS,VICINITY,VICE,VOICES,VILLAGE,VERDE,VOTIVE,VISIBLY,VILLAGES,VELOCITIES,VELVET,VERTICES,VEGETATED,VACATED,VOICER,VINSON,VACANCIES,VOSS,VOWING,VICIOUSLY,VINSON,VANDERPOEL,VEGAS,VIDAL,VIOLATES,VENTILATE,VOUCH,VOCATIONS,VACATED,VEGETATION,VIRGINIAN,VIRTUOSOS,VATS,VITO,VENTILATE,VORTEX,VIOLATES,VACATIONERS,VISIBLE,VISIBLE,VALERY,VICISSITUDE,VILIFIED,VISA,VARIABLENESS,VASTLY,VERGES,VALIDATING,VENTS,VEINS,VOGUE,VERSA,VIEWERS,VASTLY,VOLSTEAD,VEHEMENCE,VILLAINS,VOUCHES,VIED,VIOLATES,VALIDATE
VALVES,VIKINGS,VOMITED,VENOMOUSLY,VAMPIRE,VINDICATE,VENETIAN,VOLTAIRE,VERSUS,VEHICLE,VOIDED,VIGNETTES,VAGRANT,VIEWPOINT,VOLATILITIES,VERIFIABLE,VIRUS,VICTORIANIZES,VACUUMED,VOCABULARIES,VIENTIANE,VALUATIONS,VERIFIED,VESTIGIAL,VALKYRIE,VAGINAS,VACATIONER,VIOLIN,VERTICAL,VICTORIES,VARIABLENESS,VOLUNTARILY,VIBRATIONS,VETERINARIANS,VERTEX,VERSATILITY,VALLEYS,VICE,VERACITY,VERSAILLES,VEHICLE,VISIGOTH,VIGILANCE,VERBOSE,VALES,VOCATIONS,VIES,VIE,VIRTUES,VALUABLY,VOLUMES,VINE,VENGEANCE,VISIBILITY,VIRTUALLY,VAULTING,VEINS,VIDEOTAPE,VARIABLENESS,VAIL,VARIAN,VIEW,VOMIT,VOUCHING,VASQUEZ,VAUNT,VOYAGES,VALUABLE,VARYING,VEINED,VICTUALS,VOTIVE,VEGETATE,VICKY,VISIBLE,VIET,VALERY,VILENESS,VOIDER
VIENTIANE,VICTUALER,VALIANT,VOLCANIC,VOLUNTARILY,VICKERS,VOYAGING,VIRGINS,VATICAN,VICKSBURG,VANDALIZE,VESUVIUS,VENERABLE,VIBRATION,VENTED,VIOLATE,VIDEOTAPE,VERMONT,VOWING,VIOLET,VANDALIZED,VACUUMING,VINDICATION,VENTURERS,VAST,VISIBLE,VANQUISHED,VENTILATING,VIBRATING,VILLAINOUSLY,VISITORS,VICKSBURG,VIBRATIONS,VIENNESE,VERBS,VANITY,VAGUEST,VALUABLES,VULTURES,VIRGINITY,VALLEY,VERBALIZED,VICTUALS,VOYAGES,VATICANIZATIONS,VERANDA,VALUES,VERNON,VERMIN,VIOLINISTS,VERSES,VICTORIANIZE,VOYAGE,VIRTUOSOS,VALOIS,VARIES,VANES,VIRULENT,VAULTER,VANITIES,VACUUM,VANGUARD,VIER,VERIFY,VIVIDLY,VACUO,VERACITY,VAUDOIS,VEXING,VAGUENESS,VANESSA,VOCABULARY,VILENESS,VICTORIANS,VENTRICLES,VENDOR,VASTEST,VIRGINITY,VULGAR
VESSELS,VOCATION,VLADIVOSTOK,VOWING,VERBALLY,VARIANTLY,VISIGOTH,VISCOUNT,VASTEST,VERA,VERTICALNESS,VACATIONS,VANITIES,VARYINGS,VARIATIONS,VOICERS,VALIDLY,VOLUNTARY,VOLCANOS,VITUS,VIRGINS,VARYING,VAUGHAN,VALUE,VISITORS,VANDALIZES,VAGARIES,VALERIE,VACATIONED,VOWED,VETOES,VERBAL,VIAL,VETERINARIANS,VACATION,VALERIE,VIDEOTAPE,VISORS,VENUSIAN,VERBALIZED,VAULTER,VIEWERS,VEHEMENTLY,VANISHER,VALUATION,VIDA,VAPORS,VELA,VEHICLES,VIEWPOINT,VOID,VEAL,VEXING,VITALS,VIGILANT,VIALS,VERN,VARNISH,VICTROLA,VIEWPOINT,VALUE,VAT,VALUERS,VOLTAGE,VISHNU,VERGE,VEINS,VERSED,VENGEANCE,VIVIDLY,VAUGHN,VIER,VERDI,VOMITS,VITAL,VALUED,VAIN,VIRGINS,VOLUNTEERING
VIRGIN,VOICERS,VARIES,VEHICLES,VEGETATIVE,VENUS,VENTS,VEXATION,VANDALIZED,VARYINGS,VENTURERS,VIGOROUS,VEERING,VATICANIZE,VISHNU,VERMONT,VOICE,VEHEMENTLY,VERANDA,VENTED,VAN,VIRGO,VATICANIZE,VALPARAISO,VIGILANTLY,VOTES,VISUALIZING,VALENCE,VEGETARIAN,VASTER,VISITATIONS,VARIAN,VISTAS,VIENTIANE,VALIDATE,VOMITING,VENETIAN,VIETNAMESE,VENGEANCE,VALUERS,VERBALIZING,VOUCHING,VENEZUELA,VALIDATION,VOIDING,VISUALIZING,VISITS,VENDORS,VOICE,VAINLY,VINCI,VOLVO,VEGETATE,VELOCITIES,VENGEANCE,VIRTUES,VIABLY,VICE,VAX,VICES,VEERS,VIVIDNESS,VANQUISHED,VAX,VIER,VILIFICATIONS,VANE,VIEWPOINTS,VOIDS,VALIDATING,VEHICULAR,VERSED,VAGUELY,VIVALDI,VARNISHES,VERONICA,VITUS,VOTES,VIOLATE
VIALS,VACATIONERS,VERIFY,VOMITED,VASTEST,VAINLY,VIRTUALLY,VOLTS,VERSION,VOLCANOS,VITAL,VIABLY,VISHNU,VIEWED,VAPORS,VULTURE,VACATES,VADUZ,VENUSIANS,VIED,VENTURES,VOICES,VANCE,VATS,VIEWER,VOLLEYBALLS,VERGIL,VALERIE,VOTE,VALE,VENERABLE,VALVE,VOCABULARIES,VOCALLY,VISCOUS,VIOLIN,VIEWING,VARIAN,VEGANISM,VASTNESS,VANQUISHED,VIVID,VOCATION,VALVES,VEGAS,VACUOUS,VULTURE,VESUVIUS,VERTICALLY,VIDAL,VIA,VERTICES,VIRTUE,VINES,VERDURE,VALLEY,VERBALIZE,VACUO,VREELAND,VIEWPOINT,VOICING,VISUALIZE,VIOLATION,VERSIONS,VACUO,VITA,VICTORIOUSLY,VERANDAS,VAGABONDS,VIGNETTES,VERA,VOMITED,VICTUALS,VECTORIZATION,VAIN,VENOMOUSLY,VISITS,VIDEOTEX,VALVE
