FURTHERMORE,FAINTEST,FENCED,FRAMEWORKS,FENCES,FREDDY,FOURTEEN,FULLY,FINANCIALLY,FALLOUT,FINDER,FEASIBILITY,FLAUNTING,FIDDLE,FUNNEL,FREUDIANS,FORDHAM,FEATHERING,FAIR,FRIENDSHIPS,FORETELLING,FIFE,FLESHING,FILLABLE,FLOCK,FLAK,FLATTENED,FOLLOWING,FINGERINGS,FLOORS,FISCAL,FLUIDITY,FEEDERS,FISSURED,FIGURATIVELY,FOODSTUFFS,FAMILIARIZES,FOWL,FAMISH,FAITHLESSLY,FOOTSTEP,FETAL,FORSAKEN,FADES,FELL,FRAUGHT,FRUITION,FOXES,FOBBING,FEELERS,FRIGGA,FRICATIVES,FIGHTS,FILLER,FLUCTUATION,FUNCTOR,FLETCHERIZES,FIBONACCI,FUZZINESS,FILLED,FOOTE,FICTIONAL,FASHIONABLY,FACILELY,FABRICATION
FRISK,FORGETTABLE,FISHER,FILMED,FRANKIE,FRENCHMEN,FANCIED,FELONIOUS,FETAL,FULFILLMENT,FEATHERBEDDING,FLUSHING,FERRER,FASCINATION,FOREGOES,FEW,FASTENER,FOUNDED,FABLE,FORMALIZATION,FATALLY,FLOWERPOT,FALLEN,FACTIOUS,FRAYING,FREQUENTING,FIZZLED,FLYNN,FUEL,FORGE,FINDING,FOILING,FOUNDING,FOB,FORGETTING,FARM,FELLOWS,FULLNESS,FACTORING,FASTENINGS,FISHY,FEATURE,FAIN,FLEXIBLY,FIREBREAK,FEUDAL,FORMED,FACILITATED,FORMULATED,FASTER,FILENAMES,FEATHERING,FISK,FEAST,FOGY,FLATULENT,FOLLOWING,FIRELIGHT,FOLLIES,FACTORING,FRIENDLESS,FRATERNAL,FORMED,FAUST,FURNACES
FALSIFIES,FANS,FREER,FLOCKS,FACTIONS,FORMIDABLE,FLAKING,FLATTENING,FELDER,FEMINIST,FATS,FREEWAY,FORGET,FINING,FABIAN,FALSEHOOD,FORGIVES,FUNDING,FLYER,FARES,FLUIDS,FASHIONS,FITCH,FAIRYLAND,FIGARO,FRAIL,FERVORS,FLIMSY,FUNNINESS,FORMULATIONS,FEARLESSNESS,FELONY,FIJIAN,FRAYING,FAIRNESS,FEMINIST,FREQUENCIES,FERMENT,FUSSING,FOGGIER,FRISIAN,FANGLED,FISHMONGER,FORESTS,FALSIFICATION,FLAGLER,FELICITY,FORUM,FORD,FALKLAND,FLICKER,FONTAINEBLEAU,FRANCIE,FILTHINESS,FLOTATION,FORMANTS,FOSTERS,FEDERALLY,FLOODLIT,FORM,FUDGE,FUNNEL,FURNACE,FREQUENTERS,FLAUNTED
FLEW,FIRED,FORMALIZATIONS,FATTENING,FLOPPILY,FUMED,FOUNDATIONS,FRINGE,FRAMER,FACSIMILES,FERTILITY,FORMALITY,FLUCTUATES,FORTHRIGHT,FANTASIZE,FIRINGS,FAUSTUS,FORMATION,FREIGHTING,FACTOR,FOLLOW,FLASHED,FLEMISH,FERMI,FORERUNNERS,FOURTH,FILTH,FLAWLESSLY,FLETCHERIZES,FURIOUSER,FRANCISCO,FATHERS,FITFUL,FOULEST,FORETELL,FACILITIES,FIZZLE,FURROWS,FIRSTS,FIERCENESS,FRESHENING,FLAG,FOUNT,FERVOR,FRICTIONS,FARTHER,FORMALIZATIONS,FANNIES,FRANKLINIZATIONS,FLUENCY,FALSTAFF,FREER,FUNDERS,FLORID,FLASHLIGHT,FAMINES,FURLOUGH,FALLACY,FOLKSONG,FULLEST,FACILE,FIGURING,FRACTIONALLY,FLIERS,FIDDLESTICKS
FLOWING,FANCIED,FORBES,FRITO,FASTNESS,FRESNEL,FASHION,FRIDAYS,FELLOWSHIPS,FORFEITED,FREED,FLEDERMAUS,FIRER,FEELERS,FIDDLESTICK,FORMATION,FORGIVABLE,FRONTED,FLUCTUATE,FRETFULNESS,FUNCTIONALITIES,FOCUSING,FREEINGS,FREIGHTERS,FORNICATION,FRIGHTFUL,FORLORNLY,FUNNELING,FRETFULLY,FLINGS,FONDLED,FURTHERMOST,FEATURED,FLEISCHMAN,FIREPOWER,FRUIT,FALSIFYING,FOURSQUARE,FRISIAN,FREQUENT,FRESHNESS,FEBRUARY,FACTORIAL,FOUNDERED,FORTUITOUSLY,FLINGS,FAITHFULLY,FACE,FURIOUSLY,FLUFFY,FORGETTING,FAUCET,FLUTING,FAILING,FIGHT,FORGED,FOAMS,FOREWARNED,FISCHBEIN,FAUSTUS,FISSURE,FERDINAND,FEATURES,FLOWCHARTING,FRATERNITY
FLAMERS,FATHERLY,FAULTLESSLY,FRAILEST,FLICKER,FILES,FROSTED,FAULKNER,FABLE,FERGUSON,FAKING,FLO,FUSSING,FOREHEAD,FEWER,FORNICATION,FROTH,FOLLOWINGS,FARAD,FIORI,FINDS,FOAMY,FLAMING,FLAMERS,FROZE,FURLOUGH,FAIRCHILD,FREAKS,FEEDS,FOREGOES,FARED,FOOTSTEPS,FARKAS,FREEDMAN,FRENZY,FLAGSTAFF,FLEEING,FITFULLY,FIXES,FLARING,FREEZING,FASCINATES,FITLY,FRUEHAUF,FOIBLE,FLOPS,FINALIZE,FANCIFULLY,FULCRUM,FAINT,FRIGIDAIRE,FIRST,FAUNA,FEMUR,FABRICATION,FOUNDING,FURNACE,FLOWER,FURNACES,FLUENT,FLYERS,FILING,FLUTING,FEARFULLY,FREDERICTON
FLYABLE,FIBONACCI,FONDLED,FADES,FAULT,FACED,FAGS,FREEST,FITZGERALD,FENCER,FASCINATING,FRAYNE,FANOUT,FURROW,FASCIST,FURNISHINGS,FAINTNESS,FAIRIES,FRIGATE,FLIGHT,FACTOR,FRET,FRISIAN,FORMATS,FLATTER,FOUGHT,FALKLAND,FRIVOLOUSLY,FEASTS,FEEDBACK,FOUGHT,FOURSCORE,FEASTED,FRANTICALLY,FINDERS,FITTER,FATTENER,FASTED,FRONTIER,FLEXIBILITIES,FATHERED,FUNNIER,FLUSH,FEES,FOAMING,FIXATION,FLATTERER,FLABBERGAST,FORTRESS,FILMED,FRENCHIZES,FUNCTIONARY,FLOSSING,FANCIES,FAVORITISM,FORMATION,FAMILIARITY,FONDNESS,FOGGING,FEDERALIST,FAIRIES,FRANKFORT,FLICKERING,FITTINGS,FLAGGED
FORTRESSES,FAWKES,FOSS,FIASCO,FEEDING,FRESHER,FORCES,FEARED,FOILING,FORETOLD,FURTHEST,FOOLING,FLAWLESSLY,FANTASY,FAITH,FLINCH,FLINCHES,FEET,FATTENS,FUNDAMENTALS,FRIVOLOUSLY,FIORI,FIDDLESTICK,FLEMISHES,FRAZZLE,FIRER,FACILELY,FUNCTIONALITIES,FREEWHEEL,FIELD,FLUIDLY,FIRMWARE,FRESH,FORETELL,FLUENCY,FLUIDLY,FRANCIZE,FLINCHED,FEELERS,FACILITATING,FUMING,FRESHNESS,FULLNESS,FLEMISH,FIXATION,FEEDS,FEARFULLY,FORMATTED,FRIVOLITY,FOOTPATH,FELL,FREEMASON,FOSSIL,FOUNDS,FRAGRANTLY,FORMATS,FIGURED,FISTICUFF,FERRIED,FUNNIER,FORT,FIRER,FLAMBOYANT,FILLED,FARMER
FLARES,FILLABLE,FAINT,FREENESS,FRAMED,FLIP,FLEECES,FARMS,FLEW,FORMICA,FINGERED,FIST,FORMALLY,FOOTAGE,FASTENER,FRAMEWORK,FARE,FOCAL,FOODSTUFF,FERMENTATION,FOOLPROOF,FAMED,FAINTS,FASCICLE,FLOSSING,FINNISH,FOLKS,FACTIONS,FOOTPATH,FITZGERALD,FOREFINGER,FOOTBRIDGE,FAYETTE,FRICTIONS,FUNNELED,FINDS,FRANKLINIZATION,FURTHEST,FIFTIES,FASTNESS,FURROWS,FONTAINE,FORNICATION,FINISHERS,FERMENTING,FUDGE,FAULTLESSLY,FACT,FATAL,FIELDS,FLINTY,FIXES,FATTENED,FLEETS,FIREPROOF,FEMININE,FREUDIANISM,FIX,FLOWED,FRIGATES,FOLSOM,FOIBLE,FLYERS,FATES,FERMENTED
FOSTERED,FROWN,FANGLED,FETTLE,FOOD,FRONTIERSMEN,FRESHENING,FOLKS,FUSING,FOCUSES,FEARFULLY,FLORIDIANS,FARMYARDS,FALLACIES,FLAMED,FORKS,FIRINGS,FRIENDSHIP,FURY,FOULING,FORTE,FREEZE,FORECAST,FORESTALL,FLOORING,FEATHERY,FINNEGAN,FILIPINOS,FORMAL,FLORA,FORMATIVELY,FIGURATIVELY,FREEZING,FLOURED,FELLED,FAVORING,FORWARD,FLAVORED,FORESTERS,FISSURE,FORBADE,FULMINATE,FIRM,FUNCTORS,FASTEN,FLABBERGASTED,FANATICS,FORMALIZATIONS,FAULT,FALK,FRAYS,FORGIVEN,FILLABLE,FEEL,FURNACE,FRYE,FAUSTUS,FEATHERED,FUNCTIONING,FAGS,FEN,FETTERS,FIRING,FISHERY,FAVORABLY
