SPIRITEDLY,SIAMESE,SLEIGHT,SAILBOAT,SLAVICIZES,SUPPLIED,SINGER,SLOPED,SNORE,STEUBEN,SHREWS,STRATTON,SHILOH,SAPIENS,SOGGY,SPA,SENSITIVITIES,SAXONIZE,SPRINTER,SILLIEST,SUBSCRIPTION,SEQUENCED,SHORTING,STEALTH,SEPARATENESS,SLICE,SENDER,SIKKIM,SITUATE,SCHEDULED,STOPPAGE,SPEARED,SERPENT,SILVERY,SHELTERS,SWEATSHIRT,SMITHTOWN,SCRAPPED,SPECTATOR,SWEETHEART,STRICTNESS,SPRINGIER,SPIDERS,SLIDING,SHAFER,SUBVERT
SUFFOCATES,SCRIPTURE,SPOTLESS,SCREENED,SEAFOOD,SLEEK,SOCIALIZES,SAVAGING,STARTLE,SANCTIMONIOUS,SOFTENED,SIGHTED,STANDARDLY,STRIVES,SCRUTINY,SEPTEMBER,STAGNATE,STIFFLY,STATEMENTS,SOLILOQUY,SKELETONS,SPRAGUE,SOILS,SHEIK,SHACKS,SOVIET,SCAR,SEARCHER,SUCCESSIVE,SOJOURNER,SWAGGERING,STREAMLINES,SIGHTED,SERGEANT,SOMETIMES,STRATIFIES,STEEPLE,SOCKETS,SEETHING,SUNGLASSES,STRAP,SHUTTLECOCK,SWEEPSTAKES,SACK,SINGLEHANDED,STARCH
STREW,SANCTIFY,SILVERWARE,SCHEDULERS,SOLOVIEV,SHY,SMARTLY,SPAWN,SCULPTORS,SENDS,SPELLING,SEQUENTIALIZE,SPUDS,SPIKES,SHALLOWER,SLED,STEVEDORE,STEP,SHARON,SYMBOLS,SCREECHED,SWUNG,STUPEFY,SEMANTICS,SPACERS,SQUIRREL,SUPPORTIVE,SPURIOUS,SYMMETRIC,SHELVING,SATISFACTORY,SUBSCRIPT,SEGMENTED,SAFEGUARDED,SHENANIGAN,SHERWOOD,SURGERY,STANDARDS,SITUATIONAL,STONES,STOOD,SNEAKING,SIDEBURNS,STUBBLE,STRENGTHENING,SCALING
SPAYED,SOIREE,SAMPLER,SPLENDIDLY,STEPMOTHER,SECRETIONS,SCORNED,SURVEY,SITTERS,SORROW,SHELLED,SUFFOLK,SUBSTITUTABILITY,SUBCYCLES,SERF,SMUTTY,SENDS,SWELLS,STALWARTLY,SHINGLE,SUPERSEDED,SLEEPY,SPINDLE,SALVES,STOUFFER,SCHUYLER,SCHOOLHOUSE,SHOP,SIPHON,SAINTED,SEACOAST,STRANGLINGS,SALUTE,SCHOLASTICS,SERVICED,SENIORITY,SOMALIS,SNEERED,STOCKHOLDER,SINGLENESS,SEPARATION,SPRINTER,STATISTICALLY,SUBSEGMENT,SHRINE,STRIPE
SUBCULTURE,SPATES,SECRETE,SPIRITUALS,SWANKY,STORMING,SEXY,SUFFICES,SEEP,SWAYED,SIXTH,SUMMARIES,SUPERSCRIPT,STRICTEST,SEVENS,SMOKER,SOLUTION,SHORTHAND,SEQUENTIALIZE,STILLING,SEASONS,SWIFTEST,SUPERINTEND,STUPIDITIES,SAFER,SPEECHLESS,SLENDERER,SORES,SPILT,SONGBOOK,STARVES,SOLICITS,SEEKER,STEREOSCOPIC,SHELTERS,SPORTIVE,STAFFING,SUBCOMPONENTS,STILT,STENCHES,STRIKE,STETHOSCOPE,SPACING,SACK,SPEEDY,SWAPPED
SCRIBE,SHUTTLE,SHAPELESS,SKIMPED,STACK,STEREOTYPE,SETTERS,SUBCOMPONENTS,SUMMAND,SYNCHRONISM,SUBCOMPONENT,STARS,SIXTIES,SOLEMNNESS,SOWN,SHORTNESS,SUBSISTENCE,SILKILY,SERVICED,STEEPS,SPOILS,SATANIST,SATE,SYMBOLIZING,SHERWOOD,SLIPS,STAPHYLOCOCCUS,SCORECARD,SHORTEST,SPIRITUAL,SLAMMING,STATEWIDE,SUSPECTS,SINISTER,SCHOOLING,SPEEDBOAT,STEWARDESS,SCANDINAVIANS,SLUMBER,SURVEYS,SPADED,STIGMATA,SNIFFS,STIPULATIONS,SIDEBAND,STROBOSCOPIC
SIREN,SEEKING,SACRED,SERVITUDE,SCHEDULES,SYNAPSES,SURMOUNTED,SUPERIMPOSING,SWEATING,SHYLY,SECONDARIES,SOLDERED,SUCCESSFULLY,SENILE,SYNERGY,SMELLED,SCIENCE,SUFFER,SAVAGED,SUPPOSITIONS,SOPHISTICATION,SARCASM,SOUSA,SNAKE,SPANIEL,SETTLES,SYNOPSIS,SPOOLING,SYMPATHIES,SLIPPAGE,SLAUGHTERING,SWUNG,STODGY,SCHAPIRO,SYLOW,SEEPAGE,SENTIMENTS,SCHOOLBOYS,SALARY,STOP,SUBLAYERS,SIMONS,SILENCES,SILENCERS,SHAM,SCOT
STERILIZATION,SEMICONDUCTOR,SUFFERINGS,SHOWPIECE,SARDINE,SCENARIO,SHRINES,SORENSON,SECRETION,SHEILA,STAN,SUFFICIENTLY,STREW,SIGH,SCREAMER,SUBSCRIPTED,SIEGEL,SHEETING,SCYLLA,SCIENTISTS,SNEAKIER,SCANDAL,STANTON,STARLET,SMALLNESS,SUPPORTINGLY,SHOWED,SHRIEKED,SPRAWLING,SOFTWARES,SUBSLOT,SHORTAGE,SHIPWRECK,SHOUT,SERIOUSNESS,SNARE,STEPPER,SWEETER,STOPPING,SHIRK,SPIRITUALS,SPILL,SENSIBILITIES,SACRILEGIOUS,STUPEFY,SURNAMES
SHASTA,SWEATER,SPEAKABLE,SOUND,SHORTCOMINGS,SUFFERANCE,STUNTS,SPRINKLER,STABLED,SPECIALISTS,STANCHION,SUCKS,SURGED,SOMBERLY,SCOFFING,SHORTENED,STIFFLY,SATAN,SUFFRAGE,SHOPS,SARATOGA,SUSPENSES,SPEEDY,SADISM,SLEEK,SAWED,SUPPLIERS,SMILED,SOBS,SNEEZE,SWARTHMORE,SIEGEL,STRONTIUM,SUPPORTINGLY,SERVERS,SAUCEPANS,SUPERGROUPS,SERGEANT,SEVENTEEN,SACREDLY,SHRIEKED,SCOLDING,SPOILS,SITUATIONAL,STACKS,SPICE
SCISSOR,SIAN,STANDPOINT,SHATTERING,SYMMETRICAL,SIZZLE,SUPERSCRIPT,SUBSCRIPTIONS,STONEHENGE,SLAMS,SCOPES,SHEILA,SLANG,SHAPED,SCHWEITZER,SHIPPED,SHORTFALL,SUPPOSITION,SUBNETWORKS,SMITHSON,STIGMA,STRUGGLED,SPLENDID,SWEEP,SMALLISH,SUKARNO,SOPRANO,SALIVA,STROVE,STEREOS,SEDUCE,SUFFICIENTLY,SPIDERS,SUBUNIT,SALTERS,SHORTS,STUBBORNNESS,STOICHIOMETRY,SPANISHIZE,SPEARMINT,SUPERVISORY,STOCKY,SHERBET,SCOLDING,SPOT,SAD
