RUN,REITERATION,RATTLES,RELOCATION,RUBIN,REACTORS,RENUNCIATE,REHABILITATE,REVISIONS,REPEATERS,RAPED,REGIONALLY,REPRODUCIBLY,RECORDING,RESULTS,ROTATES,RADICALLY,REGRESSES,REEFER,REPAYING,REINVENTING,RWANDA,REMISS,REPAIRER,REVILER,REVERSELY,ROAMING,RECAPTURED,REPLACE
REFORM,RECOIL,RATIONALIZATIONS,REDISPLAYS,RIVALLED,RENAULT,ROCKEFELLER,REYKJAVIK,ROUSING,RADIOLOGY,RECTANGLE,RUDDY,REJECTION,REFUGEES,RECOGNIZERS,RESERVES,RADIATION,REFORMED,REASSIGNING,REPLIES,RISINGS,RESERVED,RAFFERTY,REROUTED,ROLL,RECREATED,RING,ROMULUS,RAGED
RAVENING,REAPPRAISAL,RIFLES,RESEARCH,RESPECTFUL,REASSIGNING,REFLECTIVELY,RELIGIONS,REGAIN,ROSS,RESPONSIBLY,REPRESENTABLY,REASONABLE,RATIFY,ROAMS,REPLAYING,RUGGEDLY,RAMSEY,REGENT,REFRESHER,ROSENBERG,REJOINDER,RECONSIDERED,RILKE,REGRETFUL,REPLICAS,REGRESS,RUNTIME,REFRACTED
ROSY,RACKETEERING,RIDDLED,REITERATES,RIPPLES,REFLECTIONS,RAFTS,RESTRAINER,REPETITIVENESS,ROE,REFERENDA,REVERSED,REVILE,RASCALLY,ROASTS,RUEFULLY,REPRESSION,REPRODUCING,RELEGATED,REALIST,REVERSION,RELIVING,RECTIFY,REPAID,RESTRAINER,RECESSES,REMOTELY,RECIPROCATED,ROGUES
REREAD,RENTAL,RENAME,RALPH,RIGHTLY,RESYNCHRONIZING,RELOAD,REALIGN,RIDICULOUSNESS,RULER,REBOOTS,REDDEST,RETICULATES,REPLETION,RANKIN,ROUTINGS,REVISIONARY,RAVING,REFORMATION,RELATIONSHIP,REMARKING,RASHER,RAKE,ROUNDLY,ROUT,RECEIVABLE,RETRACES,REMOVALS,RADICALLY
REEVALUATION,REQUIRED,REACTIVATION,RECONFIGURE,REPARTEE,RESTART,RINSE,RAISES,REENTER,RIGHTMOST,RADIOLOGY,ROOTING,RENDER,RECITALS,RESEARCHES,ROMELDALE,REBELLIOUSLY,RAFT,REPRODUCIBLE,RECIPROCALLY,RUDENESS,RETROSPECTIVE,REGENTS,RESIDED,REWARDING,RECOMMENDS,ROSABELLE,RUTHLESS,RECONFIGURE
REFILLABLE,RECODES,REELING,REENTERED,REALLOCATE,RECOILING,REPEAL,REAPPRAISALS,RIGORS,RESPONDED,RUBLE,RIGORS,RUNNABLE,RECKONING,RINEHART,REPOSES,RIBOFLAVIN,REMAINING,RICO,RETIRES,RECOMMEND,RETREATS,RAWER,RAP,RIVALRY,RHODESIA,REPULSIONS,RATED,RAPACIOUS
RELINQUISHES,RECIPE,REPRODUCIBILITY,REVOCABLE,REFINES,REDEEMER,REDUCES,REPUDIATING,RADIANCE,REFRESHED,RESYNCHRONIZED,REFEREES,REPRODUCTION,RWANDA,REPRIEVE,RELAPSE,RIVALLED,REVERIFY,REESTABLISH,RECASTS,ROBBED,REVERSED,RECOMMENDATION,RAINIEST,REVEALS,RECOGNITION,RANG,RACKED,RANDOMIZES
RESUMING,RIOTS,ROOSEVELTIAN,REFILLABLE,RECYCLED,REARRANGEMENT,RINSING,RADIOLOGY,RECKON,RHYTHMIC,ROVED,RHENISH,RUNTIME,REPROACHES,RESURRECTIONS,REEF,REPRESENTABLY,RETORTED,ROBERTS,RELATING,RESTRAIN,RINEHART,RESTRAINERS,RECRUITS,REACHES,RETRANSLATED,RECKON,REVISIONARY,REDRESSED
ROTTERDAM,ROAST,REINFORCING,RASCAL,REWRITING,REASONS,REPLY,RAISERS,RUSTING,RESTATES,REEDVILLE,RECLAIMS,REDESIGNING,RECALCULATE,RENDITIONS,REMONSTRATED,RESEMBLING,RICHARDS,RIVETER,ROMANIZATIONS,RETYPED,REFERENCING,RECONCILED,RUNNABLE,RHEUMATISM,RIGOR,ROMANCE,REGINA,RETYPING
