XANTHUS,XEROXES,XENAKIS,XHOSA,XENIX,XENAKIS,XEROXED,XHOSA,XENIX,XENIX,XENIA,XHOSA,XENIA,XEROXING,XENAKIS,XAVIER,XHOSA,XEROXED,XAVIER,XEROXING,XENIA,XHOSA,XENIA,XENAKIS,XENIX,XERXES,XEROX,XEROXES,XENIX,XENIX,XEROXING,XEROX,XERXES,XHOSA,XEROXED,XENIX,XEROXED,XEROXED,XEROX,XEROXES,XEROXES,XEROXING,XENAKIS,XEROX,XEROXES,XENAKIS,XHOSA,XEROXING,XENIX,XEROXES,XEROXING,XEROXED,XHOSA,XANTHUS,XEROXES,XEBEC,XERXES,XEROXED,XENIX,XENAKIS,XENIA,XEROXES,XERXES,XENAKIS,XEROXED,XEROXED,XEROXED,XEROXING,XEBEC
XAVIER,XAVIER,XEROXED,XEROX,XENIA,XENAKIS,XAVIER,XERXES,XHOSA,XEBEC,XAVIER,XEBEC,XEBEC,XERXES,XENIA,XERXES,XEROXES,XERXES,XENIA,XENAKIS,XEROXING,XHOSA,XANTHUS,XAVIER,XENAKIS,XEROXED,XEROXES,XANTHUS,XEROX,XEROX,XENIX,XEROX,XENIA,XEROXING,XENAKIS,XENAKIS,XEROXED,XEROXED,XENIX,XANTHUS,XEROXES,XEROXED,XENAKIS,XEROXING,XEROX,XENIA,XEROXED,XEROXED,XANTHUS,XEROXING,XENIX,XEROXES,XENAKIS,XEROXING,XAVIER,XENIX,XEROXES,XENAKIS,XENIA,XEROXES,XEROXES,XEBEC,XENIA,XENIA,XEROXED,XENAKIS,XEROXED,XERXES,XEROXED
XEROX,XENIA,XEROXING,XEROX,XENIX,XHOSA,XEROXES,XEROXES,XEBEC,XENIA,XANTHUS,XENIA,XERXES,XHOSA,XENAKIS,XENIX,XANTHUS,XANTHUS,XHOSA,XENIA,XEROXES,XAVIER,XHOSA,XENAKIS,XEROXED,XANTHUS,XENAKIS,XHOSA,XHOSA,XEBEC,XERXES,XANTHUS,XENIX,XENAKIS,XEROXED,XEROX,XAVIER,XENAKIS,XEBEC,XEROXED,XEBEC,XEROXING,XENIA,XANTHUS,XENAKIS,XENIA,XANTHUS,XEROX,XEROX,XENIA,XEBEC,XEROXING,XEROXED,XENIX,XEROXING,XEBEC,XEROX,XEROX,XEBEC,XAVIER,XEROXES,XAVIER,XENIX,XENIX,XEROX,XHOSA,XENIA,XEROX,XEROX
XENIX,XENIA,XENAKIS,XEROX,XAVIER,XEROXED,XHOSA,XERXES,XAVIER,XEROXED,XAVIER,XANTHUS,XEROXES,XEROXING,XEROXES,XHOSA,XEROXES,XEROXES,XENAKIS,XAVIER,XHOSA,XENIX,XAVIER,XEROXED,XANTHUS,XENIA,XEROXED,XENAKIS,XAVIER,XENAKIS,XHOSA,XENIX,XENIX,XEBEC,XENIX,XENIX,XEROXED,XENIX,XENIA,XENIX,XEROXED,XEROX,XHOSA,XEROXING,XENIA,XANTHUS,XANTHUS,XENIA,XEBEC,XHOSA,XEBEC,XENAKIS,XEROX,XEROXES,XAVIER,XEROX,XEROXED,XEROX,XEROX,XENIX,XEROX,XEROXING,XEROXING,XEROX,XHOSA,XEROXES,XEROXED,XEROXES,XAVIER
XENIX,XEBEC,XEROXED,XENIA,XEROXES,XHOSA,XEROXES,XENIA,XAVIER,XERXES,XENIA,XENIA,XENIX,XEROX,XAVIER,XAVIER,XENIX,XENIA,XEROXED,XHOSA,XERXES,XHOSA,XEROX,XANTHUS,XENAKIS,XANTHUS,XAVIER,XHOSA,XAVIER,XEBEC,XHOSA,XERXES,XENAKIS,XEROX,XEBEC,XEBEC,XEROXED,XEBEC,XENIA,XHOSA,XEROXES,XEROXED,XAVIER,XEROXED,XENIX,XENAKIS,XERXES,XENIA,XANTHUS,XEBEC,XEROXED,XEROXING,XANTHUS,XAVIER,XHOSA,XEROXED,XERXES,XERXES,XENAKIS,XENIA,XEROXED,XAVIER,XERXES,XHOSA,XEROXING,XEROXES,XEBEC,XENIA,XENAKIS
XEROXED,XEROXING,XEBEC,XEROXING,XEROXED,XEBEC,XENIX,XEROXING,XENAKIS,XHOSA,XAVIER,XEBEC,XANTHUS,XEROXING,XEBEC,XENIX,XEROXING,XENIX,XENIX,XHOSA,XENIA,XHOSA,XEROXING,XEROXING,XENIA,XANTHUS,XEROX,XENAKIS,XERXES,XANTHUS,XEROXED,XHOSA,XERXES,XENIX,XEROXED,XANTHUS,XENIA,XERXES,XENAKIS,XEROXING,XENAKIS,XEROXING,XAVIER,XEROXING,XERXES,XENIX,XERXES,XANTHUS,XENIA,XERXES,XHOSA,XANTHUS,XANTHUS,XENIA,XENAKIS,XEROXES,XHOSA,XANTHUS,XEBEC,XAVIER,XEROX,XANTHUS,XAVIER,XEBEC,XANTHUS,XENIX,XEROXED,XENIX,XANTHUS
XEBEC,XENIA,XEROXING,XENIA,XEROX,XEBEC,XEROXING,XEBEC,XENAKIS,XEROX,XANTHUS,XEROX,XEROX,XEROX,XEROX,XENIX,XERXES,XEBEC,XEROXES,XENAKIS,XEROXES,XEROX,XEROXING,XEROX,XANTHUS,XAVIER,XAVIER,XEROX,XENIA,XEROXED,XERXES,XENAKIS,XENAKIS,XEROXING,XANTHUS,XEROXES,XEROXES,XERXES,XENIX,XENIA,XENIX,XEROXES,XEROXES,XAVIER,XERXES,XERXES,XEROXES,XENAKIS,XHOSA,XANTHUS,XANTHUS,XERXES,XHOSA,XEBEC,XANTHUS,XEROX,XEROX,XEROXES,XAVIER,XENIX,XANTHUS,XEROX,XEROXED,XENIA,XANTHUS,XAVIER,XHOSA,XENIA,XENAKIS
XENIX,XEBEC,XENIA,XENIX,XENIA,XEBEC,XENAKIS,XHOSA,XEROX,XHOSA,XENAKIS,XEROXING,XENAKIS,XEBEC,XANTHUS,XHOSA,XEROX,XANTHUS,XEROXING,XERXES,XAVIER,XHOSA,XEROXING,XANTHUS,XENAKIS,XERXES,XEROXED,XEBEC,XEROXES,XERXES,XEBEC,XEROX,XANTHUS,XEROXES,XHOSA,XHOSA,XEBEC,XENIA,XHOSA,XEROXES,XAVIER,XANTHUS,XANTHUS,XEROXES,XEBEC,XENAKIS,XENIX,XEROXED,XENIA,XEROX,XEBEC,XENIA,XERXES,XEROX,XENIX,XEROXES,XEROXES,XEROXING,XEROXES,XEROX,XEBEC,XHOSA,XENIX,XERXES,XEROXED,XEROXES,XERXES,XHOSA,XANTHUS
XERXES,XEROX,XANTHUS,XEROX,XANTHUS,XAVIER,XEBEC,XHOSA,XEBEC,XAVIER,XENAKIS,XEROXING,XEROX,XEROX,XENAKIS,XAVIER,XAVIER,XEROX,XEBEC,XAVIER,XENAKIS,XERXES,XENIX,XENIX,XAVIER,XAVIER,XEROX,XEROXES,XEROXED,XAVIER,XEROXED,XHOSA,XEROX,XENIA,XHOSA,XENAKIS,XEROXES,XEROXES,XEBEC,XEBEC,XEBEC,XENAKIS,XEROX,XHOSA,XENIA,XEROXING,XEROXING,XEBEC,XAVIER,XEROX,XAVIER,XEROX,XEBEC,XAVIER,XENAKIS,XENAKIS,XEBEC,XERXES,XEROXED,XENAKIS,XENIA,XENIX,XENIX,XHOSA,XENAKIS,XEROX,XEROXES,XENIX,XANTHUS
XEROXED,XENIX,XENAKIS,XEBEC,XANTHUS,XENIA,XHOSA,XHOSA,XENAKIS,XAVIER,XEBEC,XHOSA,XEBEC,XERXES,XHOSA,XERXES,XEROXING,XEROX,XAVIER,XENIA,XANTHUS,XANTHUS,XAVIER,XENIX,XEROXES,XHOSA,XENIA,XENAKIS,XAVIER,XEROX,XEROX,XEROX,XENAKIS,XENAKIS,XEROXES,XEROXING,XEROXED,XEROXES,XENAKIS,XEROXED,XENAKIS,XENIA,XHOSA,XEBEC,XERXES,XEBEC,XEROXED,XANTHUS,XANTHUS,XHOSA,XEBEC,XEROX,XEBEC,XEROXES,XAVIER,XENIA,XERXES,XEROXING,XEROXED,XENIX,XANTHUS,XHOSA,XHOSA,XEROXES,XENAKIS,XEROXING,XEROXED,XEROXES,XERXES
