CIRCUMLOCUTIONS,CLEAVAGE,CONCUR,CONSOLATIONS,CHEAPENS,CHOCOLATES,COUSINS,CRAIG,CANNERS,CORRECTLY,CORONATION,CONTAGIOUSLY,CUTTERS,COPSE,CHECKERBOARDING,CHILDISHNESS,COMMENDATIONS,COINCIDED,CATALYSTS,CAPTOR,COHESIVENESS,CASTRO,CENTIGRADE,CAMPERS,CHOKING,CHAPLAIN,CAFETERIA,CRAFTSMEN,CONSORTED,CHARLEY
CLING,CONSTANCY,COLLAPSIBLE,COGS,CORSICAN,CONCEDING,CLAREMONT,CHOREOGRAPHY,CORKS,CROMWELLIAN,COMPARED,CONSEQUENCE,COVETED,CERTIFIABLE,CRETE,COWERS,CULMINATING,CRUNCH,CARIBBEAN,CILIA,CONTINENTS,CRAZY,CONSTITUENCY,CHATEAUS,CHANTED,CONFRONTATION,CONVICTION,CONDUCTED,CHAPEL,CROMWELLIAN
CAUSALITY,CANDLER,CLEARER,COINCIDENCE,CONSTERNATION,CRUELER,CORPORAL,CALLAGHAN,COEXISTS,CRUSOE,CHAOS,CIRCUSES,CHALKED,COVENTRY,CARELESSLY,CONDUCTIVE,CAPITALIZE,CUMULATIVELY,CALM,CRYSTALS,CRUSADING,CONVERSED,CRUDENESS,CONSORTED,CAPTORS,CHARGEABLE,CLAWS,COMMEND,CRAVE,CHRISTIANA
CRIPPLED,CENSURER,COUPLER,CRUDER,COERCES,CURRENTLY,CREAKY,COMMONPLACES,CONSTRUCTIONS,CANFIELD,CREWS,CONFESSING,COMPETITOR,COMMUNE,CAPACITIVE,COLDEST,CONFUCIUS,CHANDELIER,CREVICES,CONGLOMERATE,COMPARED,CANNER,CHRISTLIKE,COMPONENT,CRUNCHY,CHAUTAUQUA,CHALKED,CURRICULUMS,COMMONNESS,COOK
CHASE,COMMANDANT,CONSUMPTIONS,COUNTABLY,CONJURING,CURRENTS,CHISELER,COACHER,CLIP,COMMUTING,CREWS,COMBATIVE,COMMENTATORS,CARBONIZED,CALLERS,CONTINUANCES,CALCULATES,CALVINIZES,COBBLESTONE,CULTIVATED,CONSENTED,CHEEKY,CONTRARY,CORSICAN,CALVERT,CRUCIFIED,CAPITALIZED,CHARTREUSE,COMPARTMENTALIZED,COMPACTORS
COAUTHOR,COMPLIMENTED,CROMWELL,CHICKEN,COMMONWEALTHS,CONNECTIONLESS,COMMONEST,CLIMES,CONCERTO,CLOCKER,COMPLEXION,CRAZES,CORDED,CLASSROOM,COVALENT,COMPUSERVE,CUTTLEFISH,CONTEMPLATIVE,CARDS,CROWNED,CANDIDLY,CAPTORS,CLONES,CONDOM,COMPARTMENTALIZE,CRAWLED,CHRISTINA,CONFESSION,CAROLS,CONSTABLE
CYBERNETIC,CRUMBLES,CHAPLAINS,CONVENING,CHEROKEE,CREATING,CAIN,CONTINUITIES,CONTRIVED,CRAVES,CONCRETES,CANARY,CONSECRATE,CRUCIFIED,CONTAINMENTS,CONTRARY,CRAVEN,CONQUERED,CAPTURES,COULD,CARCINOGENIC,CHIPMUNK,CAST,COVE,COMEDIC,CIRCUMNAVIGATE,CONVICTION,COMFORT,COLUMN,CONNELLY
CASTLED,CONCERNS,CANTO,CELTICIZE,CALDERA,CONSTRUING,COMPLAIN,CELLS,COMMUNION,CONCERTMASTER,COMMEMORATES,CORPORATION,CARTONS,CULL,COEXISTS,CLANNISH,CRYPTOGRAPHICALLY,COUNTERFEITED,CLIMATE,CONSTRAINED,CHANCES,CRANE,CHIRPED,CAUSED,CALM,CONTROVERSIAL,COPIOUSNESS,CHEST,CORRECTNESS,CLINGING
COLLECTIVELY,CUSTARD,CARBOLOY,CZECHOSLOVAKIA,COMBINATORIALLY,CINNAMON,CAVINESS,CONSOLERS,CRAVE,CRUISING,CROCODILE,CLAMPED,CAVERNOUS,CONFINE,CONFISCATED,CONVECT,CHRISTENSON,CONCATENATES,COMPILATION,CRAFTSPEOPLE,CRITIQUES,COMPARATOR,CANOES,CAGER,CYST,COURSE,CONDEMNED,CORNING,CALLING,COUNTERINTUITIVE
CURES,COTTAGES,CHIEFTAIN,CLIME,COMPRESSIBLE,COLLABORATIVE,CONTINGENCY,CHLOROPHYLL,CASINGS,CONFLAGRATION,COMMONWEALTH,CONFINE,CLUCKED,CONTRIVANCES,CUED,CREWED,COMFORTERS,COLONS,CONSEQUENCES,COGNITION,CRANKIEST,CONJUNCT,COMPRESSIBLE,COMPLEMENT,COPYRIGHTABLE,COMPELLING,CROCKERY,CALLER,COIN,CRANDALL
