HARSHLY,HURRAH,HANDBAGS,HUGENESS,HONORED,HARPY,HEATH,HOLMDEL,HIERARCHICAL,HERETIC,HIPPO,HOES,HAUNCH,HIGH,HAUGHTY,HEAVERS,HIRINGS,HIERARCHY,HAMSTER,HOARSELY,HANDIWORK,HOPKINS,HANDICAP,HUSBANDS,HARMONIOUS,HOPPING,HEATHEN,HOBBES,HOBDAY,HOUNDING,HELENA,HOSTED,HYDRANT,HINMAN,HEGELIANIZE,HOUSETOP,HEARERS,HOMELY,HARRISBURG,HERALD,HONEYMOONED,HONEYCOMBED,HAND,HIERARCHIC
HOLCOMB,HARMFULLY,HAM,HARDHAT,HITLERITE,HITLERITE,HAILING,HEFTY,HATING,HAVANA,HEATABLE,HARROWED,HOMICIDAL,HORROR,HIPPOPOTAMUS,HINSDALE,HAZEL,HOUSEKEEPER,HARASSES,HELIOCENTRIC,HEALTHY,HURDLE,HEADLINE,HAUL,HOOF,HABEAS,HAIRIER,HYPOTHESIZING,HANDS,HEADSET,HUMIDLY,HOP,HANDCUFFS,HEWETT,HIROSHIMA,HUTCH,HISPANIC,HOOTER,HILLSDALE,HALTER,HOMESTEADERS,HALER,HENNING,HERACLITUS
HONORABLY,HEGELIAN,HARRINGTON,HOLLOWNESS,HENDERSON,HECATE,HANDMAID,HAMMOCK,HORATIO,HUMID,HARKEN,HEARING,HOPE,HELP,HOMERIC,HOOPER,HENPECK,HELSINKI,HURTLING,HOSE,HAMMING,HAULED,HORRIFIED,HIKED,HURTLE,HYPOTHESIZE,HUMBUG,HALTERS,HUN,HUDDLING,HIGGINS,HOLDS,HOLLOW,HEGELIANIZES,HANSON,HISSES,HEIDEGGER,HASTINESS,HENRI,HOBART,HOWL,HARVESTING,HACKS,HEUBLEIN
HEELS,HARBORS,HANDS,HEWED,HARVESTING,HAYING,HERES,HEISER,HANDCUFFS,HITLERISM,HOME,HANGOVERS,HARROWED,HUT,HANDLE,HOP,HOOKED,HISTORICALLY,HAVILLAND,HANGMEN,HUMBLENESS,HANDSOMEST,HELIOPOLIS,HIKES,HOOKED,HOUDINI,HELLFIRE,HORDES,HAULED,HANOI,HAPHAZARD,HANGARS,HERMANN,HEREUNDER,HOOTING,HEEDED,HEARKEN,HUGE,HYPOTHETICAL,HORIZONTAL,HEIRS,HARMED,HEARSAY,HOWL
HARDEST,HURD,HAMBURGER,HITLERITES,HURT,HARRISON,HEAVE,HYPERBOLIC,HONEYMOONS,HARMONIZE,HORROR,HIP,HUMMINGBIRD,HIVE,HYDRAULIC,HEAVIER,HEXADECIMAL,HINT,HIDEOUSNESS,HEISENBERG,HANDSOME,HARDHAT,HONDURAS,HUDDLE,HILTS,HANDWRITTEN,HIGHEST,HEMP,HUMPBACK,HEDGEHOGS,HERSEY,HONER,HUMIDIFIES,HEADROOM,HERR,HAYS,HESITATING,HENCEFORTH,HIATT,HONEYMOONS,HARRIS,HOTLY,HEIR,HIRINGS
HAWLEY,HAYDEN,HEYWOOD,HORATIO,HOUSEWIFE,HOUSEHOLDER,HILLSIDES,HAMLET,HYPERBOLIC,HIT,HENDRICKS,HINKLE,HAPPIEST,HESITANTLY,HIGHWAYMEN,HOMERIC,HITCHED,HUMOR,HUMANNESS,HAPSBURG,HYDE,HALTED,HEARTBREAK,HOSPITALS,HOMOSEXUAL,HOLM,HESPERUS,HOSPITABLE,HAILING,HEELERS,HEMP,HYPHENATE,HERBS,HANG,HUMANELY,HAMMERED,HERALDING,HALLWAY,HOMOGENEITY,HITCHHIKE,HACKS,HELM,HIDING,HARASSMENT
HERBIVOROUS,HEATEDLY,HARMONICS,HUMBLENESS,HOOVERIZES,HITLERITES,HALVERS,HAMILTONIAN,HILLCREST,HIERARCHIES,HANOVERIANIZE,HEREAFTER,HANUKKAH,HOLLERITH,HEBRIDES,HARLEM,HINDUISM,HESS,HAILED,HEM,HACKSAW,HORRIBLE,HITLERITES,HOWLED,HINDUISM,HUMBUG,HOLLYWOODIZES,HENS,HEADLINED,HOODED,HORACE,HEARTEN,HELLENIC,HEALY,HOLLOWS,HAYDN,HARLOTS,HIGHLAND,HEALER,HAIR,HACKING,HARRISONBURG,HOST,HANNIBAL
HECTIC,HALVERSON,HAMMOCKS,HAMMOND,HEDGEHOGS,HOUSE,HEIRESS,HORRIBLENESS,HEARTBREAK,HORNY,HUSTLER,HARNESS,HATEFUL,HOBBES,HAMMING,HILLSBORO,HUSKINESS,HERSELF,HALFWAY,HAZEL,HERMAN,HEAL,HEADQUARTERS,HESTER,HABITAT,HORIZONTAL,HINES,HEROICS,HALLINAN,HOLBROOK,HEROICS,HANOVER,HIRING,HEAPS,HARE,HAMMETT,HEATHER,HAUGHTILY,HARK,HAUGHTINESS,HIPPOCRATIC,HANDICAPPED,HEEL,HAMPSHIRE
HOOVERIZE,HOODLUM,HUSTON,HEREFORD,HOPING,HUSBANDS,HUMBLE,HIVE,HARSHNESS,HOMOSEXUAL,HARDLY,HERTZOG,HERB,HORSEPLAY,HENDRICKSON,HUN,HAPPENED,HANDICAPS,HALCYON,HARMONIST,HYPOCRISY,HERMETICALLY,HIGHNESS,HEELING,HUGO,HESITANTLY,HASTENING,HOWLING,HERES,HUMILIATION,HARVEY,HOBDAY,HONDURAS,HONESTY,HIRSCH,HEARST,HELM,HERE,HAUGHTY,HEWS,HATCHED,HANGERS,HOMOSEXUAL,HEMISPHERE
HUMMEL,HUGGINS,HALLMARK,HARTFORD,HOVERING,HOES,HARDING,HANDLE,HERDER,HORRIBLE,HELPED,HUNGRIER,HANDSOMEST,HIRER,HOMESTEADER,HOISTING,HOLLISTER,HERESY,HOMEMAKER,HEALTHY,HOSTESS,HUMIDIFIERS,HAUNTING,HOGGING,HEUBLEIN,HOMESICK,HAMBURGER,HEATS,HAVENS,HEUSEN,HAPLESSLY,HOIST,HELM,HIKED,HEAVE,HOMELESS,HEALER,HUSTLED,HITS,HORRID,HOMERS,HELEN,HUMANE,HISSES
