MARCELLO,MARTS,MITTEN,MOSLEMS,MANICURED,MANLEY,MEDITERRANEANIZE,MATCHINGS,MARKING,MOOSE,MODERN,METROPOLIS,MODALITY,MUNDT,MINGLED,MALEFACTORS,MOUND,MULTILAYER,MUTATION,MANEUVER,MARXISMS,MELODIOUSLY,MONDAY,MULTILAYERED,MAZDA,MONOPROGRAMMING,MONTRACHET,MIEN,MATED,MORTARING,MOGADISHU,MISHAP,MOTIFS,MUSTER,MEDFORD,MATCHERS,MEMOS,MELINDA,MICROARCHITECTURES,MENS
MARINO,MILKERS,MOTIVATED,MOUTON,META,MOGADISHU,MUFF,MELBOURNE,MINESWEEPER,MARATHON,MORGAN,MISSPELLINGS,MAXWELLIAN,MOUNTABLE,MASTERMIND,MONROE,MUTILATES,MELPOMENE,MOOD,MAGNESIUM,MINUTER,MASQUERADES,MORES,MEASURED,MEDALLION,MILDNESS,MCKESSON,MINIMIZER,MULTIPROCESSOR,MEEKLY,MAINTENANCE,MAHARASHTRA,MCGOVERN,MARIONETTE,MULTIPLICATIVE,MORAVIAN,MOTORCARS,MODULATED,MURDERS,MAELSTROM
MEMORIALS,MYERS,MOMENTARILY,MIMICKING,MANKIND,MASSIVE,METHODIST,MARCEL,MUSKRATS,MAILABLE,MICROCOSM,MANIC,MONOLOGUE,MONITORING,MEAD,MYRTLE,MACAULAYAN,MULTI,MASTODON,MARVELS,MILEAGE,MAGNIFICATION,MALRAUX,MUTTERING,MICRO,MINGLES,MILWAUKEE,MICHELANGELO,MOUSETRAP,MOVING,MANCHURIA,MICKY,MUTUALLY,MEASURING,MUSTER,MEMBERSHIPS,MATTERS,MONOGAMY,MAILMEN,MEANDERED
MANAGERIAL,METHUEN,MOTIONS,MOROCCO,MEANINGFULNESS,MUTATING,MULTICAST,MAURINE,MELON,MUTE,MERCHANDISING,MORTARED,MORALITIES,MCKINLEY,MINISTRIES,MCMULLEN,MENOMINEE,MAJORED,MUCUS,MULTIPLEXED,METHODISTS,MARMALADE,MEMORIZING,MINERAL,MARSH,MAGNOLIA,MITIGATION,MCADAM,METRICS,MET,MILQUETOASTS,MOVES,MARGIN,MAUSOLEUM,MATTRESS,MOTORING,MILTONIAN,MICROFILM,MASSACHUSETTS,METICULOUSLY
MOANS,MORAVIANIZED,MATRONLY,MONTGOMERY,MANIAC,MEET,MIDNIGHTS,MOVIES,MANAGEMENT,MAGAZINE,MIOCENE,MARKEDLY,MUCH,MEANINGLESSLY,MAYO,MUNG,METROPOLITAN,MORGAN,MINDS,MONTENEGRIN,MONOGRAPHES,MULTIPROCESS,MODIFIABILITY,MARGINAL,MAGNIFICENTLY,MATURITIES,MICROWORDS,MURDERS,MERRILY,MINIMA,MONKS,MEMORYLESS,MODELINGS,MISSHAPEN,MATRICULATION,MUCKER,MISNOMER,MOTIVATING,MARGINAL,MARCHING
MAE,MANDATORY,MARBLES,MEANINGFULNESS,MICROWORD,MANDARIN,MILLIPEDES,MANTLES,MANIPULATORY,MINCES,MEALS,MARCY,MISS,MATHEMATICAL,MORALITY,MINDING,METAPHYSICALLY,MEDALS,MISGUIDED,MINIATURIZED,MENIALS,MOVIES,MALAMUD,MINOTAUR,MENDELIAN,MARYLANDERS,MEMORIAL,MERCEDES,MOTHERERS,METALLURGY,MAMMA,MARKOVITZ,MATE,MERITED,MISLEADS,MOTIF,MCNULTY,MANORS,MUSEUMS,MEDIATION
MEMOIRS,MARGINS,MOLUCCAS,MORATORIUM,MATRIX,MONTY,MEALTIME,MAHOGANY,MERGES,MACEDON,MOLLIE,MINIATURE,MICROWAVE,MEIER,MARTYR,MISTRUSTED,MUTINIES,MUSK,MEMORABLENESS,MOUND,MOLECULES,MANEUVERING,MONTANA,MAYO,MODERNIZE,MELAMPUS,MEDIUM,MELLOW,MINIATURIZES,MISSOURI,MAHONEY,MEEKNESS,MONSTROSITY,MORBIDLY,MULTIMEDIA,MICROCODES,MARJORIE,MOONLIT,MUSE,MELINDA
MALAGASY,MONOGRAMS,MODULATORS,MARTIAL,MEDICINAL,MARIO,MODULARIZE,MOMENTOUS,MEXICANS,MENDACIOUS,MULES,MEANER,MINISTRY,MUMBLERS,MACKENZIE,MIDSHIPMAN,MUHAMMAD,MORTALITY,MATCHINGS,MACROECONOMICS,MITTEN,MISDEMEANORS,MUSKETS,MONICA,MISSION,MILLIKAN,MATCHED,MAIDENS,MUTINIES,MODULATOR,MAST,MINNEAPOLIS,MOISTLY,MINDFULNESS,MANIFESTS,MICROSCOPE,MODESTY,MONOGAMOUS,MINUTEMAN,MODALLY
MAYORS,MALADIES,MARCEAU,MIRAGE,MASSACRE,MILKING,MARGINALLY,MAGUIRES,MISHAP,MORPHISMS,MENDOZA,MENUS,MUSICALS,METABOLISM,MOURNING,MONICA,MILTONIZES,MCELROY,METALS,MORALE,MORPHOLOGICAL,METHODOLOGICALLY,MANAGING,MCDONALD,MORTICIAN,MUNITIONS,MANEUVERED,MIKOYAN,MAC,MIGHTILY,MIDDLEBURY,MONT,MORNINGS,MISSPELLING,MICROPHONES,MACH,MOHAMMEDANISM,MALI,MCGREGOR,MILTONIAN
MIEN,MILLENNIUM,MODELINGS,MISSES,MICROPORT,MICROPORT,MATHEWSON,MARINA,MOONS,MONOTONICALLY,MOW,MALAY,MACED,MANUFACTURING,MICROPROGRAMMER,MUSIC,MARTEN,MATRONLY,MASSES,MOVING,MARES,MONGOLIAN,MARCEAU,MASTERED,MARMALADE,MORTIFIED,MICE,MAGICIAN,MEXICANIZE,MUTINY,MONETARISM,MOORE,MORAL,MILAN,METEORITE,MOTHBALL,MERCILESSLY,MELODRAMA,MARRY,MONITORED
