ANAGRAMS,ASSISTANT,ALGOL,ALUMNI,ANGULAR,AGENDA,ANNUALS,ALTERNATED,ALEE,ALIMENT,ACKNOWLEDGER,ATTEMPTED,ABHORRENT,AUSTERITY,AYES,ANNUALLY,AMAZINGLY,ABODES,ASCRIBE,ANNOTATIONS,ABSTRACTLY,ARBITER,ABJECTLY,ANCIENTLY,ADDED,ANALYZER,AMIGA,AMERICANIZATION,ABOLISHMENT,ABSINTHE,ASPERSION,ARRAY,ASSASSINATES,ALLIANCES,ASSASSINATE,ANESTHETIC,ABNORMALITIES,ABSTRUSENESS,ABSTRUSE,APPROXIMATION,ADUMBRATE,ACHIEVED,ASKING,AUXILIARY,AIRFIELD,AVOIDING,ARRESTING,ADULTHOOD,ASTONISHING,APHASIA,ALLELES,ARMCHAIRS,ADVENTITIOUS,ALTERNATIVES,ABBA,ANTIBACTERIAL,ARMAGNAC
ASSIGNEE,ASSAILING,ALLEYWAYS,AUDIOLOGY,APPROPRIATELY,ADHERERS,ALLOWS,ADORABLE,AFRESH,ANSWERERS,AVER,ALLEGORIC,APRON,ACETATE,ANTONOVICS,ADAPTABLE,ANEMONE,ALVA,AUDITIONED,ANTICIPATE,ACORNS,ALLEGEDLY,AESTHETICS,ACCUSTOMED,ABSTRACTLY,AUTHORITIES,ABASEMENTS,ABOVE,AUTOCOLLIMATOR,AMORIST,ADJOURNING,ANDORRA,AMERICANIZATION,ATTEMPTER,ALTERNATIVELY,AMPLIFIERS,ASTATINE,AUDACIOUSLY,ATTAINMENTS,ATLANTIC,ASTOUNDS,ADVERTISED,ABSENTMINDED,ANTISEPTIC,AWFUL,ARABY,ASUNDER,AUTOMOTIVE,ARBITRARILY,AUTHORITARIAN,AERODYNAMICS,ADJUNCT,ALLOWS,AIRFOILS,AENEID,AMHERST,APPRECIATIVE
ANGLICANS,ALSO,ADVISORS,AMOROUS,APPRAISE,AGONIZED,ASSERTIONS,ADAMS,AUTHENTICATE,AUTOGRAPH,ASSISTED,ALLEGORICAL,ALICIA,AXIAL,ASSASSINATING,ANGUS,ARCHFOOL,AVAILABLY,APTITUDE,ABSENCE,ADIRONDACKS,ANGLICANIZES,AGGLOMERATED,ABODES,ACADEMICALLY,ASTATINE,ADHERENCE,ASCENSIONS,AEROSOLIZE,ANESTHETIZED,ACTUATE,ACKNOWLEDGMENT,AUDIOLOGY,ABRAHAM,AMBIVALENTLY,ALTERNATELY,ALOE,ANAGRAMS,ANCESTOR,AUXILIARIES,ARRIVING,ACCEPTANCES,ACQUIRE,ARTISTICALLY,ALLEY,ACCELERATING,ASCETICS,AYLESBURY,ACCELEROMETERS,ABASHING,ADMINISTRABLE,ART,ABERRATIONS,ALTARS,APPLYING,ATOMIZING,AXIOMATIC
ASTROPHYSICAL,ALDRICH,ACTIVIST,ANNUNCIATORS,ADMINISTERED,ANNUNCIATORS,ADDER,ALTRUISTIC,ASIATICS,ADDUCTION,AUDIBLE,ALTER,APPLICATOR,ALAS,AUTHORSHIP,ACCOMPANIMENTS,AGAPE,ABLATIVE,ANVIL,AUTONAVIGATORS,ABDUCTORS,AWAKING,ADVANTAGES,AXONS,ANTAGONIZING,ADAPTABLE,ADEQUATELY,ANNULMENT,ALLEGRETTO,ARMCO,ACCLIMATIZATION,AUSTRALIANIZES,ASKANCE,ALTOGETHER,APOSTLE,AUTOMATED,AFFRONTS,ALLAYING,ADVISER,AND,ANNOYANCE,AMAZEMENT,AIRILY,ANTIHISTORICAL,ASCETICS,ALLEGE,ABRIDGED,AGONIZE,ANNOYANCE,ARPA,AIRMAIL,ARSINE,ANGERED,ARRANGES,ALEXANDRA,AUSTRALIANIZES,AVERS
ALIASED,ACHING,AMENDMENT,ANTISERUM,AWFULLY,AFAR,AGGRIEVING,ABSORBING,ALIENATION,ASSENTER,AMBULATORY,ANNA,ACACIA,ALSO,ANYWAY,ADDRESSERS,ACOUSTICIAN,ANTIQUE,ABRIDGMENT,ANGLICANISM,AFFIXES,ACIDLY,ACUMEN,ALAR,AMBER,ALTERATIONS,ALLOY,ACTION,AIRMAIL,AUTOFLUORESCENCE,APPREHENSION,AUGHT,APIECE,ARCHEOLOGIST,ALL,ADAMSON,ADDUCES,AVENUE,APOLOGIST,AVERAGE,AROMATIC,ADJOURNMENT,ARTICULATE,ATTAINING,ASSUMING,ALYSSA,ABSORPTION,ABLER,ADVENTURER,AVERY,APPLIANCE,ADVISEDLY,AWARD,ABNORMAL,ABBY,ASSOCIATIVE,ANIMATEDLY
ADOPTING,ADDUCT,AFFECTINGLY,ACCUMULATE,ANGEL,ACHIEVED,AUSPICE,ANIMATES,ALLAH,AROMAS,ARENA,AFGHANISTAN,AIM,AUDIOLOGISTS,ALLIGATORS,APOLOGIZE,ALLITERATION,ASSUMING,AMERICANIZERS,ARMING,ABETS,ABLY,ATTESTS,ANALYTIC,ASININE,ARTEMIS,ALLOCATOR,ARPANET,ABBOT,ADDRESSER,ASCENSIONS,ALLOWABLY,AQUEDUCTS,AUTHENTICATIONS,AMIGO,ALGA,ARCHLY,AVOIDABLY,ALSOP,ACCOMPANIED,ACKNOWLEDGEMENT,ARIANISTS,ALSATIANS,ARMED,ASCENDS,ADVERSARIES,AUTOINCREMENT,ARCHAICALLY,AUTOCRATS,APPEARANCE,ARTERIES,ADHERING,AMELIORATING,APPEARED,ARROYOS,ACAPULCO,ARRESTOR
ALLEVIATES,ANGELA,AUTOGRAPHED,AUDUBON,ABOLISHERS,AMARETTO,ATAVISTIC,ADJUNCT,AGREEABLE,ACCENTUATE,ALUMNA,ANNULUS,AUTUMNS,ANSWERING,ARMENIAN,AUTHORIZER,ATTACHERS,APPLEBY,ACCELERATORS,ASSASSINATE,ADVISORY,ANAHEIM,APPEND,ADAGE,ARACHNIDS,ANGLOPHOBIA,AVALANCHING,ANOMIC,ABANDON,ASTEROID,ANNOUNCING,ANASTOMOTIC,APATHY,AUCTION,ATTRACTION,ABSOLUTES,ANECDOTES,AUTOINCREMENTS,AFLOAT,ATROPHIED,ATTESTS,AUTHORIZER,AMUSERS,AUTOMATICALLY,AUDITING,ASCENDENCY,AWARDED,ACCENT,ADDITIONALLY,ACKERMAN,ASYMPTOMATICALLY,ASBESTOS,APPLICABLE,ARTICULATIONS,AMPHITHEATERS,ARMENIA,ALLURING
AFFLICTING,ADMIXES,AWARE,AFRICANIZES,ACTA,ACCUMULATING,ALLEN,AGGRAVATED,ANAPHORIC,ARISER,ALLAN,AGGRAVATED,ASSYRIOLOGY,ARCHIVERS,ATTENTIONAL,ABSOLUTION,AVOIDERS,ANNOTATING,APIECE,ANOMIC,ASCENDANT,AMUSEDLY,AGREE,ATTRACTOR,ALICE,AWKWARD,AGGRESSION,ASTONISH,AMELIORATE,ACCIDENTS,ALLOWS,ABRIDGE,ARACHNID,ALONE,AUDITED,AUTISM,ADJUDICATE,ACTON,AYE,ATTAINED,ADOPTIONS,ANGLICANIZE,AUTHENTICATES,ANYTHING,ANAGRAMS,ALEXANDRINE,ANGELS,AGONIES,ADDER,ANGLICAN,ABROGATING,ACCLIMATE,AZIMUTH,ANGELICA,APPRECIABLE,ADVERBS,ANTAGONISM
ADDED,ALLAYED,ACCESSES,ASSENTS,ADVERSARY,ARBORS,ACQUAINTANCE,ANGLO,AWAKES,ANCESTORS,ASSIMILATING,AERATORS,ACE,AGITATIONS,AUGUST,ABIDE,ATONE,ADHERENT,APPOINTMENTS,AUTOBIOGRAPHIES,ACTUALS,ASSEMBLED,ABSOLUTENESS,AMASSES,ABIDE,ARCHBISHOP,AUDIOMETER,ATTENDS,ATTRIBUTING,AMPHIBIOUS,ALCMENA,ANTICIPATION,APOLLONIAN,ASSESSED,ASSUMES,ANTICOAGULATION,AVOIDER,ASTAIRE,ARGUERS,ANTONOVICS,ARBOR,AXIOLOGICAL,AVARICIOUSLY,ABETS,ANTIQUARIAN,ADHERING,ARTICULATORY,ANALYZERS,ACCOMPANISTS,ADMISSION,ADULTS,ACCUMULATORS,ASYMPTOTE,ANSWER,ALLERGY,ACNE,ABBREVIATES
ASPERSION,ALBA,ASCENDANCY,AGEE,ABSENCES,AVENGES,ATROPHIES,ATTORNEYS,ATTRIBUTION,ANNOUNCE,ABUT,ANNIHILATES,ABORTIVELY,ATOLLS,ADMINISTRATION,AVERRED,APOGEE,ADJACENCY,AURALLY,ALIASED,ANDREA,ALGONQUIN,ATTRACTIVELY,ABSCESSES,ASCETICS,AIRLINER,ALFONSO,ANGERED,ABORTION,ALARMIST,AQUINAS,ASCRIBABLE,ANGLICAN,AUTODECREMENTS,ACCLAIMS,ADRENALINE,ASCETIC,AUTOBIOGRAPHICAL,ANTENNA,ATHLETES,ARYANS,ABETTED,ALOE,AERATOR,ANALYZER,ANALYTICITY,AUTONAVIGATOR,APOCRYPHAL,ANTIQUARIANS,ALGORITHMICALLY,APOTHEOSES,ATTACHING,ANGLERS,ANSWERING,ALLEGORICAL,AMPHIBIOUSLY,ACCUSAL
